datetime,quantity,exposure,rate,smt_bid,smt_ask
2022/9/2 6:01,-640860,-640860,140.1511,140.136,140.209
2022/9/2 6:02,1858433.49,1217573.49,140.1905,140.13,140.21
2022/9/2 6:03,150801.3,1368374.79,140.1511,140.131,140.21
2022/9/2 6:04,-1764196.24,-395821.45,140.19,140.116,140.215
2022/9/2 6:05,237271,-158550.45,140.151,140.139,140.2
2022/9/2 6:06,-293404,-451954.45,140.1896,140.173,140.201
2022/9/2 6:07,-182123,-634077.45,140.1905,140.177,140.205
2022/9/2 6:08,-497606.05,-1131683.5,140.1905,140.177,140.206
2022/9/2 6:09,-197040.26,-1328723.76,140.1905,140.191,140.215
2022/9/2 6:10,-7098.02,-1335821.78,140.1761,140.188,140.204
2022/9/2 6:11,219990.61,-1115831.17,140.1996,140.18,140.209
2022/9/2 6:12,-142067,-1257898.17,140.224,140.175,140.215
2022/9/2 6:13,369314.92,-888583.25,140.1996,140.175,140.217
2022/9/2 6:14,263687.54,-624895.71,140.1996,140.18,140.211
2022/9/2 6:15,-156382.83,-781278.54,140.1761,140.192,140.218
2022/9/2 6:16,-172817,-954095.54,140.176,140.183,140.217
2022/9/2 6:17,184086.34,-770009.2,140.1996,140.187,140.209
2022/9/2 6:18,332721,-437288.2,140.2241,140.184,140.207
2022/9/2 6:19,-338832,-776120.2,140.224,140.184,140.206
2022/9/2 6:20,-32214,-808334.2,140.224,140.181,140.21
2022/9/2 6:21,-777880,-1586214.2,140.222,140.176,140.205
2022/9/2 6:22,59907,-1526307.2,140.1876,140.177,140.204
2022/9/2 6:23,384424.54,-1141882.66,140.1885,140.182,140.208
2022/9/2 6:24,1622165,480282.34,140.1885,140.179,140.205
2022/9/2 6:25,-91471,388811.34,140.1761,140.179,140.205
2022/9/2 6:26,-1913585.84,-1524774.5,140.1905,140.18,140.204
2022/9/2 6:27,-435060,-1959834.5,140.1905,140.18,140.204
2022/9/2 6:28,-79511.1,-2039345.6,140.187,140.184,140.208
2022/9/2 6:29,-4781.35,-2044126.95,140.1896,140.188,140.208
2022/9/2 6:30,-15274,-2059400.95,140.1905,140.188,140.206
2022/9/2 6:31,-236628,-2296028.95,140.183,140.188,140.207
2022/9/2 6:32,35425,-2260603.95,140.195,140.187,140.207
2022/9/2 6:33,213021.75,-2047582.2,140.1944,140.186,140.207
2022/9/2 6:34,-35878,-2083460.2,140.1941,140.187,140.206
2022/9/2 6:35,34894.32,-2048565.88,140.2089,140.189,140.208
2022/9/2 6:36,3488466.74,1439900.86,140.1985,140.188,140.207
2022/9/2 6:37,-1518243,-78342.14,140.198,140.186,140.208
2022/9/2 6:38,-1691456.38,-1769798.52,140.197,140.19,140.208
2022/9/2 6:39,564720,-1205078.52,140.1966,140.19,140.208
2022/9/2 6:40,-2744190,-3949268.52,140.197,140.186,140.208
2022/9/2 6:41,-260795.98,-4210064.5,140.201,140.186,140.208
2022/9/2 6:42,-704570,-4914634.5,140.2,140.191,140.209
2022/9/2 6:43,-50184,-4964818.5,140.204,140.193,140.209
2022/9/2 6:44,3706201,-1258617.5,140.218,140.203,140.221
2022/9/2 6:45,1887617,628999.5,140.2186,140.216,140.231
2022/9/2 6:46,-4501141,-3872141.5,140.2345,140.224,140.24
2022/9/2 6:47,-176934,-4049075.5,140.2331,140.22,140.238
2022/9/2 6:48,91247,-3957828.5,140.23,140.218,140.235
2022/9/2 6:49,2235043.02,-1722785.48,140.23,140.218,140.236
2022/9/2 6:50,1711410,-11375.48,140.228,140.215,140.218
2022/9/2 6:51,2202749.39,2191373.91,140.2271,140.215,140.218
2022/9/2 6:52,4706314,6897687.91,140.22,140.21,140.229
2022/9/2 6:53,-3380136,3517551.91,140.2369,140.226,140.241
2022/9/2 6:54,-6719567.01,-3202015.1,140.2301,140.219,140.243
2022/9/2 6:55,2348628.31,-853386.79,140.23,140.219,140.23
2022/9/2 6:56,234043,-619343.79,140.2221,140.207,140.23
2022/9/2 6:57,-2055531.84,-2674875.63,140.2254,140.209,140.236
2022/9/2 6:58,10741639,8066763.37,140.2036,140.21,140.238
2022/9/2 6:59,-3946466.53,4120296.84,140.2451,140.21,140.232
2022/9/2 7:00,-2404474.89,1715821.95,140.2064,140.21,140.236
2022/9/2 7:01,-9548379,-7832557.05,140.2266,140.212,140.231
2022/9/2 7:02,1885167.78,-5947389.27,140.2158,140.206,140.223
2022/9/2 7:03,-357997.43,-6305386.7,140.2,140.193,140.209
2022/9/2 7:04,-1077571,-7382957.7,140.1854,140.18,140.192
2022/9/2 7:05,-344770.46,-7727728.16,140.179,140.173,140.183
2022/9/2 7:06,-3836480,-11564208.16,140.1946,140.191,140.199
2022/9/2 7:07,3599478,-7964730.16,140.1974,140.189,140.203
2022/9/2 7:08,-3286949.01,-11251679.17,140.1999,140.19,140.205
2022/9/2 7:09,4038931.9,-7212747.27,140.2,140.193,140.205
2022/9/2 7:10,-2377806,-9590553.27,140.1989,140.19,140.204
2022/9/2 7:11,3536820,-6053733.27,140.2073,140.202,140.218
2022/9/2 7:12,-2436160.84,-8489894.11,140.1988,140.191,140.204
2022/9/2 7:13,-2177895,-10667789.11,140.201,140.192,140.203
2022/9/2 7:14,4871734.92,-5796054.19,140.1985,140.19,140.201
2022/9/2 7:15,-5104028.6,-10900082.79,140.1969,140.189,140.2
2022/9/2 7:16,-3998591.86,-14898674.65,140.199,140.189,140.196
2022/9/2 7:17,3311060,-11587614.65,140.188,140.181,140.193
2022/9/2 7:18,2284376,-9303238.65,140.1959,140.19,140.202
2022/9/2 7:19,393762.18,-8909476.47,140.198,140.191,140.2
2022/9/2 7:20,3089908.68,-5819567.79,140.1875,140.181,140.192
2022/9/2 7:21,-6657154.92,-12476722.71,140.1889,140.187,140.197
2022/9/2 7:22,-2124722,-14601444.71,140.197,140.194,140.201
2022/9/2 7:23,7969990.95,-6631453.76,140.197,140.19,140.2
2022/9/2 7:24,-3875243,-10506696.76,140.1968,140.19,140.201
2022/9/2 7:25,-722589.47,-11229286.23,140.1971,140.19,140.201
2022/9/2 7:26,10350143,-879143.23,140.195,140.191,140.201
2022/9/2 7:27,137171,-741972.23,140.197,140.189,140.201
2022/9/2 7:28,-4296149.27,-5038121.5,140.1956,140.19,140.2
2022/9/2 7:29,1497573.02,-3540548.48,140.195,140.19,140.201
2022/9/2 7:30,-2304004.45,-5844552.93,140.195,140.19,140.199
2022/9/2 7:31,-10755946.5,-16600499.43,140.1861,140.179,140.189
2022/9/2 7:32,7392114.37,-9208385.06,140.1756,140.171,140.179
2022/9/2 7:33,4591370.79,-4617014.27,140.1638,140.16,140.169
2022/9/2 7:34,-8111646,-12728660.27,140.157,140.151,140.163
2022/9/2 7:35,3319252,-9409408.27,140.185,140.18,140.189
2022/9/2 7:36,-3538395.92,-12947804.19,140.184,140.179,140.19
2022/9/2 7:37,5875728.58,-7072075.61,140.1848,140.179,140.188
2022/9/2 7:38,3614264.31,-3457811.3,140.1831,140.181,140.189
2022/9/2 7:39,-1783891.05,-5241702.35,140.183,140.18,140.189
2022/9/2 7:40,2606761.02,-2634941.33,140.1965,140.19,140.2
2022/9/2 7:41,5615273.8,2980332.47,140.195,140.189,140.197
2022/9/2 7:42,-675001,2305331.47,140.191,140.186,140.195
2022/9/2 7:43,-10296719,-7991387.53,140.1914,140.188,140.197
2022/9/2 7:44,-779992.96,-8771380.49,140.195,140.189,140.197
2022/9/2 7:45,6818753,-1952627.49,140.203,140.199,140.207
2022/9/2 7:46,-1930094.22,-3882721.71,140.204,140.199,140.207
2022/9/2 7:47,1652376.55,-2230345.16,140.1891,140.188,140.195
2022/9/2 7:48,6770138,4539792.84,140.196,140.19,140.196
2022/9/2 7:49,-39288.9,4500503.94,140.195,140.189,140.197
2022/9/2 7:50,-3439421,1061082.94,140.193,140.189,140.196
2022/9/2 7:51,-559934,501148.94,140.1939,140.189,140.196
2022/9/2 7:52,-7286838.78,-6785689.84,140.184,140.183,140.19
2022/9/2 7:53,4432804.01,-2352885.83,140.193,140.185,140.193
2022/9/2 7:54,-9569901.47,-11922787.3,140.194,140.186,140.195
2022/9/2 7:55,2338638.5,-9584148.8,140.1846,140.179,140.189
2022/9/2 7:56,1056369.53,-8527779.27,140.186,140.179,140.187
2022/9/2 7:57,148062.82,-8379716.45,140.1963,140.19,140.201
2022/9/2 7:58,2358306,-6021410.45,140.1908,140.185,140.195
2022/9/2 7:59,-841502.06,-6862912.51,140.189,140.187,140.196
2022/9/2 8:00,-707234.44,-7570146.95,140.1905,140.185,140.193
2022/9/2 8:01,-25040391.68,-32610538.63,140.258,140.252,140.262
2022/9/2 8:02,29802448,-2808090.63,140.2431,140.239,140.249
2022/9/2 8:03,-38696809.67,-41504900.3,140.205,140.195,140.206
2022/9/2 8:04,7092623.9,-34412276.4,140.1858,140.186,140.193
2022/9/2 8:05,-13376973,-47789249.4,140.1936,140.188,140.196
2022/9/2 8:06,16144291,-31644958.4,140.1475,140.14,140.151
2022/9/2 8:07,-7418139,-39063097.4,140.154,140.149,140.157
2022/9/2 8:08,7195165,-31867932.4,140.1189,140.126,140.135
2022/9/2 8:09,-11348457.34,-43216389.74,140.135,140.13,140.138
2022/9/2 8:10,-4465980,-47682369.74,140.146,140.14,140.147
2022/9/2 8:11,8978188,-38704181.74,140.142,140.137,140.148
2022/9/2 8:12,-2205231,-40909412.74,140.1296,140.126,140.135
2022/9/2 8:13,248258,-40661154.74,140.1224,140.117,140.126
2022/9/2 8:14,-1878533,-42539687.74,140.1006,140.098,140.109
2022/9/2 8:15,-10843626,-53383313.74,140.1231,140.117,140.128
2022/9/2 8:16,3547267.56,-49836046.18,140.116,140.113,140.121
2022/9/2 8:17,-2624188,-52460234.18,140.1293,140.123,140.132
2022/9/2 8:18,-2571847.32,-55032081.5,140.127,140.122,140.131
2022/9/2 8:19,4705601.38,-50326480.12,140.1351,140.13,140.142
2022/9/2 8:20,2398638,-47927842.12,140.14,140.138,140.147
2022/9/2 8:21,-3974972,-51902814.12,140.1434,140.143,140.152
2022/9/2 8:22,1581789.83,-50321024.29,140.1528,140.148,140.157
2022/9/2 8:23,-1172629.76,-51493654.05,140.149,140.143,140.152
2022/9/2 8:24,2507333.58,-48986320.47,140.13,140.128,140.136
2022/9/2 8:25,-10518369.09,-59504689.56,140.102,140.092,140.103
2022/9/2 8:26,-1814275.88,-61318965.44,140.098,140.091,140.101
2022/9/2 8:27,3869134.24,-57449831.2,140.104,140.097,140.107
2022/9/2 8:28,1739188.67,-55710642.53,140.104,140.098,140.105
2022/9/2 8:29,4463583,-51247059.53,140.0991,140.097,140.106
2022/9/2 8:30,10813308,-40433751.53,140.122,140.117,140.127
2022/9/2 8:31,9254529,-31179222.53,140.104,140.101,140.108
2022/9/2 8:32,-8725921,-39905143.53,140.0946,140.092,140.101
2022/9/2 8:33,-3351455,-43256598.53,140.0978,140.091,140.101
2022/9/2 8:34,1564209.49,-41692389.04,140.084,140.087,140.09
2022/9/2 8:35,11529592,-30162797.04,140.0711,140.07,140.078
2022/9/2 8:36,11319185.23,-18843611.81,140.0658,140.061,140.068
2022/9/2 8:37,1325980,-17517631.81,140.0641,140.061,140.07
2022/9/2 8:38,-10387222,-27904853.81,140.071,140.067,140.076
2022/9/2 8:39,2181003.61,-25723850.2,140.075,140.072,140.082
2022/9/2 8:40,2666091.71,-23057758.49,140.083,140.079,140.087
2022/9/2 8:41,-8392543.36,-31450301.85,140.055,140.046,140.056
2022/9/2 8:42,5823517,-25626784.85,140.075,140.069,140.076
2022/9/2 8:43,-15973476.38,-41600261.23,140.0948,140.09,140.099
2022/9/2 8:44,-4118638.67,-45718899.9,140.068,140.062,140.07
2022/9/2 8:45,1857943.21,-43860956.69,140.056,140.051,140.06
2022/9/2 8:46,-13505335.47,-57366292.16,140.063,140.054,140.065
2022/9/2 8:47,9473654.46,-47892637.7,140.049,140.042,140.05
2022/9/2 8:48,4985053.02,-42907584.68,140.0518,140.051,140.059
2022/9/2 8:49,-1406442.11,-44314026.79,140.052,140.05,140.057
2022/9/2 8:50,-10375799,-54689825.79,140.0561,140.049,140.059
2022/9/2 8:51,6014860,-48674965.79,140.0553,140.05,140.056
2022/9/2 8:52,13504177.49,-35170788.3,140.075,140.071,140.079
2022/9/2 8:53,-16078387.5,-51249175.8,140.095,140.091,140.101
2022/9/2 8:54,4771670.23,-46477505.57,140.088,140.085,140.093
2022/9/2 8:55,-5941412,-52418917.57,140.0623,140.06,140.068
2022/9/2 8:56,-12899524,-65318441.57,140.0799,140.073,140.083
2022/9/2 8:57,19306598.16,-46011843.41,140.0929,140.088,140.095
2022/9/2 8:58,-4626127,-50637970.41,140.1,140.097,140.106
2022/9/2 8:59,-15852607.46,-66490577.87,140.08,140.073,140.083
2022/9/2 9:00,120901.88,-66369675.99,140.0858,140.088,140.091
2022/9/2 9:01,5673013,-60696662.99,139.99,139.99,140
2022/9/2 9:02,5648437.47,-55048225.52,139.991,139.99,139.998
2022/9/2 9:03,-8901418.26,-63949643.78,139.97,139.964,139.972
2022/9/2 9:04,-2154268.72,-66103912.5,139.993,139.985,139.995
2022/9/2 9:05,2865078.89,-63238833.61,140.016,140.01,140.02
2022/9/2 9:06,19275596.6,-43963237.01,140.028,140.02,140.031
2022/9/2 9:07,-15733190,-59696427.01,140.007,140.003,140.011
2022/9/2 9:08,-5791511,-65487938.01,139.962,139.956,139.962
2022/9/2 9:09,-7051338,-72539276.01,139.9763,139.966,139.976
2022/9/2 9:10,-18464868.99,-91004145,139.976,139.97,139.98
2022/9/2 9:11,11925484.59,-79078660.41,139.989,139.983,139.99
2022/9/2 9:12,9349927.13,-69728733.28,139.9845,139.985,139.991
2022/9/2 9:13,-6418678.86,-76147412.14,139.9593,139.969,139.976
2022/9/2 9:14,-2719650.45,-78867062.59,139.9793,139.974,139.982
2022/9/2 9:15,5756964.43,-73110098.16,139.99,139.986,139.995
2022/9/2 9:16,15855597.15,-57254501.01,139.9491,139.941,139.951
2022/9/2 9:17,-15791760.6,-73046261.61,139.9328,139.93,139.936
2022/9/2 9:18,4315254,-68731007.61,139.9473,139.944,139.952
2022/9/2 9:19,-7676849.87,-76407857.48,139.9468,139.941,139.948
2022/9/2 9:20,22540463,-53867394.48,139.9289,139.928,139.937
2022/9/2 9:21,-8662906,-62530300.48,139.932,139.929,139.936
2022/9/2 9:22,9284862.13,-53245438.35,139.9471,139.943,139.953
2022/9/2 9:23,-12288536.79,-65533975.14,139.957,139.956,139.962
2022/9/2 9:24,-7542935.5,-73076910.64,139.9441,139.94,139.943
2022/9/2 9:25,10267460,-62809450.64,139.9503,139.933,139.935
2022/9/2 9:26,-46151328,-108960778.6,139.9246,139.922,139.933
2022/9/2 9:27,25251495.41,-83709283.23,139.919,139.914,139.924
2022/9/2 9:28,-10473727.09,-94183010.32,139.9349,139.931,139.937
2022/9/2 9:29,4025099,-90157911.32,139.9127,139.908,139.915
2022/9/2 9:30,-13246739.96,-103404651.3,139.903,139.9,139.906
2022/9/2 9:31,3641684.21,-99762967.07,139.902,139.895,139.902
2022/9/2 9:32,-8494549.73,-108257516.8,139.902,139.894,139.904
2022/9/2 9:33,4434686.76,-103822830,139.9084,139.904,139.911
2022/9/2 9:34,1170329.44,-102652500.6,139.9109,139.904,139.912
2022/9/2 9:35,5715167.06,-96937333.54,139.9191,139.917,139.924
2022/9/2 9:36,5166265.16,-91771068.38,139.915,139.905,139.914
2022/9/2 9:37,-7833883.87,-99604952.25,139.9274,139.924,139.931
2022/9/2 9:38,15021151.02,-84583801.23,139.8918,139.889,139.896
2022/9/2 9:39,-34893394.29,-119477195.5,139.959,139.954,139.964
2022/9/2 9:40,-14949693.57,-134426889.1,139.94,139.96,139.966
2022/9/2 9:41,6150578.6,-128276310.5,139.9611,139.957,139.963
2022/9/2 9:42,-6647772,-134924082.5,139.95,139.949,139.958
2022/9/2 9:43,4089791.99,-130834290.5,139.947,139.944,139.952
2022/9/2 9:44,-2517542,-133351832.5,139.958,139.956,139.965
2022/9/2 9:45,82782,-133269050.5,139.9574,139.954,139.964
2022/9/2 9:46,-7225270,-140494320.5,139.9665,139.961,139.966
2022/9/2 9:47,786693,-139707627.5,139.9773,139.974,139.98
2022/9/2 9:48,-1721866,-141429493.5,139.986,139.984,139.991
2022/9/2 9:49,13983302.66,-127446190.8,139.984,139.985,139.99
2022/9/2 9:50,3660173,-123786017.8,139.978,139.974,139.981
2022/9/2 9:51,-13621070.41,-137407088.3,139.96,139.961,139.969
2022/9/2 9:52,-1098543.39,-138505631.6,139.9443,139.939,139.947
2022/9/2 9:53,5445494.84,-133060136.8,139.9249,139.935,139.941
2022/9/2 9:54,-20402734,-153462870.8,139.9568,139.935,139.942
2022/9/2 9:55,63979307.65,-89483563.15,140.02,140.055,140.065
2022/9/2 9:56,22159179,-67324384.15,140.0884,140.095,140.101
2022/9/2 9:57,-1102897,-68427281.15,140.091,140.088,140.095
2022/9/2 9:58,13246302.86,-55180978.29,140.0728,140.07,140.075
2022/9/2 9:59,9152896.17,-46028082.12,140.059,140.053,140.06
2022/9/2 10:00,6355081.08,-39673001.04,140.0966,140.083,140.093
2022/9/2 10:01,-9209936.96,-48882938,140.102,140.099,140.103
2022/9/2 10:02,19416608,-29466330,140.089,140.082,140.091
2022/9/2 10:03,-18774002,-48240332,140.0956,140.093,140.101
2022/9/2 10:04,14869180,-33371152,140.0658,140.061,140.069
2022/9/2 10:05,-10177443.14,-43548595.14,140.062,140.052,140.06
2022/9/2 10:06,4315566.56,-39233028.58,140.07,140.064,140.073
2022/9/2 10:07,-7504180.02,-46737208.6,140.074,140.072,140.076
2022/9/2 10:08,4620306.75,-42116901.85,140.0466,140.043,140.05
2022/9/2 10:09,13189760,-28927141.85,140.043,140.038,140.045
2022/9/2 10:10,-12538502.96,-41465644.81,140.0409,140.052,140.059
2022/9/2 10:11,-3584590,-45050234.81,140.069,140.065,140.073
2022/9/2 10:12,5824992,-39225242.81,140.0481,140.053,140.058
2022/9/2 10:13,-18615988,-57841230.81,140.0693,140.066,140.073
2022/9/2 10:14,-4292055.27,-62133286.08,140.035,140.03,140.039
2022/9/2 10:15,5730030.71,-56403255.37,140.0288,140.026,140.032
2022/9/2 10:16,-8969807.29,-65373062.66,140.032,140.025,140.031
2022/9/2 10:17,11851422.17,-53521640.49,140.0155,140.014,140.021
2022/9/2 10:18,4647774,-48873866.49,140.003,139.996,140.004
2022/9/2 10:19,-4360315.13,-53234181.62,139.9937,139.989,139.997
2022/9/2 10:20,-11437569,-64671750.62,140.0176,140.013,140.021
2022/9/2 10:21,18355567.34,-46316183.28,140.002,140.001,140.009
2022/9/2 10:22,-1272005.11,-47588188.39,140.005,140.006,140.012
2022/9/2 10:23,-18552527,-66140715.39,139.979,139.985,139.993
2022/9/2 10:24,-3354453,-69495168.39,139.9773,139.979,139.984
2022/9/2 10:25,1696075.1,-67799093.29,139.99,139.985,139.992
2022/9/2 10:26,1730398.76,-66068694.53,140.004,140,140.008
2022/9/2 10:27,-12391961.81,-78460656.34,140.0075,140,140.008
2022/9/2 10:28,24691128.23,-53769528.11,140.004,139.998,140.007
2022/9/2 10:29,-9538542,-63308070.11,139.987,139.982,139.99
2022/9/2 10:30,1095365,-62212705.11,139.9876,139.982,139.988
2022/9/2 10:31,248231,-61964474.11,140.0051,140.001,140.009
2022/9/2 10:32,3090559.05,-58873915.06,140.015,140.016,140.021
2022/9/2 10:33,-15974538.66,-74848453.72,140.028,140.021,140.028
2022/9/2 10:34,2866336.5,-71982117.22,140.0308,140.024,140.031
2022/9/2 10:35,-1084002,-73066119.22,140.037,140.038,140.043
2022/9/2 10:36,3883079.03,-69183040.19,140.003,139.994,140.002
2022/9/2 10:37,-16639061.73,-85822101.92,139.997,139.991,140
2022/9/2 10:38,-12206527,-98028628.92,140.001,139.994,140.005
2022/9/2 10:39,16476291,-81552337.92,140.0195,140.014,140.022
2022/9/2 10:40,-15021082,-96573419.92,140.027,140.019,140.027
2022/9/2 10:41,4199427.5,-92373992.42,140.0124,140.01,140.018
2022/9/2 10:42,18607885,-73766107.42,140.033,140.031,140.038
2022/9/2 10:43,-5469830.08,-79235937.5,140.0275,140.023,140.031
2022/9/2 10:44,-4642285,-83878222.5,140.0453,140.04,140.048
2022/9/2 10:45,-16303141.29,-100181363.8,139.9973,139.991,140.004
2022/9/2 10:46,5104312.25,-95077051.54,139.9618,139.954,139.964
2022/9/2 10:47,-29811577.91,-124888629.4,139.9465,139.94,139.948
2022/9/2 10:48,8516503,-116372126.4,139.967,139.965,139.971
2022/9/2 10:49,6961119.21,-109411007.2,139.998,139.992,140
2022/9/2 10:50,-3682493,-113093500.2,140.0169,140.016,140.023
2022/9/2 10:51,-11336115,-124429615.2,140.018,140.018,140.021
2022/9/2 10:52,6016023,-118413592.2,140.013,140.009,140.016
2022/9/2 10:53,346724.06,-118066868.2,139.983,139.982,139.983
2022/9/2 10:54,-9838990,-127905858.2,140.007,140.004,140.012
2022/9/2 10:55,10764035.56,-117141822.6,140.004,140.002,140.01
2022/9/2 10:56,24717008.3,-92424814.32,140.044,140.046,140.052
2022/9/2 10:57,-9163027.54,-101587841.9,140.085,140.081,140.089
2022/9/2 10:58,6545634,-95042207.86,140.069,140.066,140.074
2022/9/2 10:59,10098076,-84944131.86,140.126,140.119,140.126
2022/9/2 11:00,18435937,-66508194.86,140.1321,140.147,140.156
2022/9/2 11:01,19725930,-46782264.86,140.1671,140.163,140.172
2022/9/2 11:02,21961639.16,-24820625.7,140.1894,140.187,140.196
2022/9/2 11:03,6857711,-17962914.7,140.1606,140.158,140.166
2022/9/2 11:04,-7813511.06,-25776425.76,140.146,140.143,140.149
2022/9/2 11:05,1303128,-24473297.76,140.143,140.14,140.146
2022/9/2 11:06,-709428,-25182725.76,140.1448,140.144,140.149
2022/9/2 11:07,1229360,-23953365.76,140.145,140.141,140.149
2022/9/2 11:08,-5389986,-29343351.76,140.129,140.125,140.132
2022/9/2 11:09,-885801.95,-30229153.71,140.1488,140.141,140.15
2022/9/2 11:10,13078893,-17150260.71,140.182,140.183,140.191
2022/9/2 11:11,3292286,-13857974.71,140.166,140.159,140.167
2022/9/2 11:12,4619632,-9238342.71,140.1564,140.159,140.166
2022/9/2 11:13,-10504602,-19742944.71,140.1614,140.155,140.165
2022/9/2 11:14,735850,-19007094.71,140.1514,140.149,140.154
2022/9/2 11:15,516875,-18490219.71,140.1465,140.143,140.151
2022/9/2 11:16,14673,-18475546.71,140.162,140.164,140.17
2022/9/2 11:17,2714649,-15760897.71,140.152,140.146,140.153
2022/9/2 11:18,2368985.13,-13391912.58,140.143,140.14,140.147
2022/9/2 11:19,1680710,-11711202.58,140.1416,140.139,140.147
2022/9/2 11:20,1904389.88,-9806812.7,140.126,140.122,140.13
2022/9/2 11:21,2421750.51,-7385062.19,140.135,140.131,140.14
2022/9/2 11:22,-893403,-8278465.19,140.1325,140.13,140.139
2022/9/2 11:23,-421205,-8699670.19,140.125,140.117,140.125
2022/9/2 11:24,-9721686.24,-18421356.43,140.0879,140.085,140.093
2022/9/2 11:25,16592296.47,-1829059.96,140.086,140.073,140.083
2022/9/2 11:26,-5492625.23,-7321685.19,140.063,140.063,140.067
2022/9/2 11:27,-2979717,-10301402.19,140.085,140.08,140.088
2022/9/2 11:28,-6523476.65,-16824878.84,140.086,140.083,140.09
2022/9/2 11:29,-1448336.6,-18273215.44,140.1081,140.103,140.112
2022/9/2 11:30,610971.32,-17662244.12,140.13,140.092,140.098
2022/9/2 11:31,-4916352,-22578596.12,140.1091,140.106,140.114
2022/9/2 11:32,-3089643,-25668239.12,140.1065,140.103,140.109
2022/9/2 11:33,-4819483.88,-30487723,140.097,140.093,140.101
2022/9/2 11:34,-2210873,-32698596,140.0935,140.086,140.095
2022/9/2 11:35,-1197759.78,-33896355.78,140.07,140.083,140.092
2022/9/2 11:36,3839838.78,-30056517,140.101,140.1,140.108
2022/9/2 11:37,3263662.3,-26792854.7,140.116,140.12,140.129
2022/9/2 11:38,-2952450,-29745304.7,140.1356,140.134,140.141
2022/9/2 11:39,6584248,-23161056.7,140.1373,140.131,140.138
2022/9/2 11:40,1083968.7,-22077088,140.12,140.118,140.126
2022/9/2 11:41,-10226766,-32303854,140.1365,140.133,140.141
2022/9/2 11:42,-7876595.96,-40180449.96,140.1363,140.131,140.14
2022/9/2 11:43,9350849.12,-30829600.84,140.136,140.132,140.138
2022/9/2 11:44,-3539552,-34369152.84,140.1301,140.126,140.132
2022/9/2 11:45,18488780,-15880372.84,140.1099,140.109,140.116
2022/9/2 11:46,1517159.28,-14363213.56,140.113,140.108,140.115
2022/9/2 11:47,2705237,-11657976.56,140.113,140.11,140.117
2022/9/2 11:48,-7843157.64,-19501134.2,140.1174,140.112,140.12
2022/9/2 11:49,-4585996.08,-24087130.28,140.1318,140.126,140.134
2022/9/2 11:50,-5631623.62,-29718753.9,140.135,140.131,140.14
2022/9/2 11:51,1543031,-28175722.9,140.1305,140.128,140.135
2022/9/2 11:52,-2939570,-31115292.9,140.135,140.129,140.128
2022/9/2 11:53,6866797.23,-24248495.67,140.11,140.122,140.131
2022/9/2 11:54,-3694868,-27943363.67,140.147,140.141,140.149
2022/9/2 11:55,-4170947.86,-32114311.53,140.1394,140.136,140.145
2022/9/2 11:56,-2398671.51,-34512983.04,140.1248,140.12,140.129
2022/9/2 11:57,12463,-34500520.04,140.137,140.13,140.139
2022/9/2 11:58,13425071.87,-21075448.17,140.1249,140.123,140.129
2022/9/2 11:59,-648420.71,-21723868.88,140.133,140.131,140.139
2022/9/2 12:00,-2988279,-24712147.88,140.1356,140.134,140.14
2022/9/2 12:01,5768394,-18943753.88,140.1311,140.128,140.135
2022/9/2 12:02,-1276914,-20220667.88,140.125,140.122,140.13
2022/9/2 12:03,-8606308.69,-28826976.57,140.1083,140.103,140.111
2022/9/2 12:04,10971274.67,-17855701.9,140.107,140.106,140.111
2022/9/2 12:05,574738,-17280963.9,140.118,140.115,140.123
2022/9/2 12:06,-399190.9,-17680154.8,140.114,140.108,140.115
2022/9/2 12:07,-4010269.93,-21690424.73,140.1149,140.111,140.118
2022/9/2 12:08,2830500.37,-18859924.36,140.127,140.125,140.13
2022/9/2 12:09,-1339532,-20199456.36,140.127,140.124,140.13
2022/9/2 12:10,-5490886.72,-25690343.08,140.135,140.133,140.14
2022/9/2 12:11,-531949.05,-26222292.13,140.1321,140.13,140.136
2022/9/2 12:12,7040112,-19182180.13,140.1455,140.14,140.147
2022/9/2 12:13,2247137,-16935043.13,140.1451,140.142,140.15
2022/9/2 12:14,2605183,-14329860.13,140.151,140.15,140.157
2022/9/2 12:15,1904388,-12425472.13,140.1516,140.148,140.157
2022/9/2 12:16,-2567969.48,-14993441.61,140.155,140.152,140.159
2022/9/2 12:17,5282692.21,-9710749.4,140.1653,140.163,140.171
2022/9/2 12:18,-5906306.81,-15617056.21,140.1629,140.159,140.168
2022/9/2 12:19,-4889017.33,-20506073.54,140.17,140.166,140.175
2022/9/2 12:20,7978155.96,-12527917.58,140.175,140.171,140.178
2022/9/2 12:21,4210196.42,-8317721.16,140.174,140.17,140.176
2022/9/2 12:22,6573588.09,-1744133.07,140.17,140.169,140.177
2022/9/2 12:23,-8391521.25,-10135654.32,140.181,140.177,140.185
2022/9/2 12:24,1415802,-8719852.32,140.18,140.179,140.185
2022/9/2 12:25,-3100971.05,-11820823.37,140.173,140.17,140.178
2022/9/2 12:26,3591185,-8229638.37,140.175,140.172,140.18
2022/9/2 12:27,2703452,-5526186.37,140.174,140.173,140.18
2022/9/2 12:28,3834139.11,-1692047.26,140.1726,140.171,140.178
2022/9/2 12:29,-55460.69,-1747507.95,140.1733,140.171,140.178
2022/9/2 12:30,944497.47,-803010.48,140.172,140.169,140.178
2022/9/2 12:31,6027724.53,5224714.05,140.1553,140.149,140.159
2022/9/2 12:32,-6052066,-827351.95,140.14,140.134,140.142
2022/9/2 12:33,-4221191.87,-5048543.82,140.1415,140.137,140.145
2022/9/2 12:34,3864241.07,-1184302.75,140.1454,140.143,140.15
2022/9/2 12:35,7410711.35,6226408.6,140.168,140.157,140.164
2022/9/2 12:36,533924,6760332.6,140.1619,140.159,140.167
2022/9/2 12:37,-7330205.07,-569872.47,140.162,140.16,140.168
2022/9/2 12:38,-3947641,-4517513.47,140.1638,140.159,140.168
2022/9/2 12:39,-712092,-5229605.47,140.162,140.159,140.167
2022/9/2 12:40,-88458,-5318063.47,140.157,140.15,140.16
2022/9/2 12:41,6590262.52,1272199.05,140.1599,140.158,140.166
2022/9/2 12:42,-472527.63,799671.42,140.16,140.156,140.163
2022/9/2 12:43,1333215,2132886.42,140.163,140.16,140.167
2022/9/2 12:44,-4602084.22,-2469197.8,140.182,140.179,140.186
2022/9/2 12:45,2628459.37,159261.57,140.15,140.174,140.181
2022/9/2 12:46,214074,373335.57,140.173,140.173,140.18
2022/9/2 12:47,-8015524,-7642188.43,140.174,140.171,140.18
2022/9/2 12:48,4510143,-3132045.43,140.1739,140.17,140.179
2022/9/2 12:49,1020363.87,-2111681.56,140.1744,140.17,140.178
2022/9/2 12:50,2947915,836233.44,140.1651,140.162,140.168
2022/9/2 12:51,-4851516,-4015282.56,140.1548,140.151,140.158
2022/9/2 12:52,4620082,604799.44,140.156,140.153,140.16
2022/9/2 12:53,5328124.26,5932923.7,140.143,140.141,140.147
2022/9/2 12:54,-7044431.44,-1111507.74,140.155,140.152,140.16
2022/9/2 12:55,2130929,1019421.26,140.174,140.169,140.178
2022/9/2 12:56,400729.52,1420150.78,140.178,140.174,140.183
2022/9/2 12:57,-306768,1113382.78,140.1729,140.17,140.178
2022/9/2 12:58,4068127,5181509.78,140.182,140.178,140.186
2022/9/2 12:59,-152079.15,5029430.63,140.1636,140.161,140.169
2022/9/2 13:00,-6836080.13,-1806649.5,140.1534,140.144,140.153
2022/9/2 13:01,-8296113,-10102762.5,140.1568,140.149,140.158
2022/9/2 13:02,3393066,-6709696.5,140.1629,140.158,140.166
2022/9/2 13:03,2036020,-4673676.5,140.167,140.16,140.168
2022/9/2 13:04,-3902088,-8575764.5,140.155,140.15,140.158
2022/9/2 13:05,-3867001,-12442765.5,140.156,140.149,140.157
2022/9/2 13:06,399577.33,-12043188.17,140.154,140.15,140.157
2022/9/2 13:07,1755094.21,-10288093.96,140.1458,140.143,140.148
2022/9/2 13:08,2411673.44,-7876420.52,140.1508,140.145,140.148
2022/9/2 13:09,-11899950,-19776370.52,140.1473,140.144,140.149
2022/9/2 13:10,2977048,-16799322.52,140.1636,140.156,140.162
2022/9/2 13:11,-3996062,-20795384.52,140.159,140.159,140.166
2022/9/2 13:12,5826015.93,-14969368.59,140.164,140.158,140.166
2022/9/2 13:13,6606664.52,-8362704.07,140.165,140.16,140.168
2022/9/2 13:14,597600.69,-7765103.38,140.17,140.169,140.177
2022/9/2 13:15,3003051,-4762052.38,140.168,140.166,140.174
2022/9/2 13:16,1555593,-3206459.38,140.162,140.16,140.166
2022/9/2 13:17,-8197593.39,-11404052.77,140.166,140.159,140.163
2022/9/2 13:18,4954817,-6449235.77,140.1631,140.16,140.167
2022/9/2 13:19,3236064,-3213171.77,140.166,140.16,140.167
2022/9/2 13:20,9606897,6393725.23,140.165,140.16,140.165
2022/9/2 13:21,-2517370,3876355.23,140.16,140.157,140.166
2022/9/2 13:22,-8974847.69,-5098492.46,140.159,140.154,140.16
2022/9/2 13:23,3867920,-1230572.46,140.1591,140.17,140.178
2022/9/2 13:24,-138503.09,-1369075.55,140.1749,140.172,140.179
2022/9/2 13:25,3122270,1753194.45,140.1656,140.166,140.172
2022/9/2 13:26,1337819.66,3091014.11,140.1732,140.17,140.178
2022/9/2 13:27,2119397.1,5210411.21,140.1705,140.166,140.173
2022/9/2 13:28,-4470901.58,739509.63,140.1658,140.162,140.17
2022/9/2 13:29,-1352154,-612644.37,140.1662,140.162,140.168
2022/9/2 13:30,409000,-203644.37,140.17,140.166,140.172
2022/9/2 13:31,5894396,5690751.63,140.183,140.181,140.187
2022/9/2 13:32,3994969,9685720.63,140.184,140.181,140.189
2022/9/2 13:33,-406236,9279484.63,140.194,140.191,140.198
2022/9/2 13:34,84898.69,9364383.32,140.195,140.191,140.197
2022/9/2 13:35,-2572853,6791530.32,140.195,140.19,140.197
2022/9/2 13:36,-2278280.75,4513249.57,140.189,140.181,140.189
2022/9/2 13:37,-3913001.72,600247.85,140.192,140.187,140.195
2022/9/2 13:38,21359613.21,21959861.06,140.1903,140.193,140.199
2022/9/2 13:39,-17500598,4459263.06,140.2044,140.203,140.21
2022/9/2 13:40,17507065.53,21966328.59,140.2294,140.227,140.236
2022/9/2 13:41,-13022474.65,8943853.94,140.3196,140.332,140.34
2022/9/2 13:42,-181165,8762688.94,140.326,140.33,140.339
2022/9/2 13:43,19401383,28164071.94,140.3065,140.303,140.311
2022/9/2 13:44,160833.54,28324905.48,140.293,140.29,140.297
2022/9/2 13:45,-7273111.42,21051794.06,140.289,140.289,140.296
2022/9/2 13:46,749374.59,21801168.65,140.2874,140.285,140.292
2022/9/2 13:47,2760697,24561865.65,140.2817,140.282,140.286
2022/9/2 13:48,5889834.86,30451700.51,140.306,140.304,140.312
2022/9/2 13:49,-16781189.82,13670510.69,140.351,140.346,140.355
2022/9/2 13:50,-9700110.48,3970400.21,140.383,140.378,140.387
2022/9/2 13:51,922019.86,4892420.07,140.3661,140.356,140.366
2022/9/2 13:52,-2607711,2284709.07,140.3511,140.345,140.354
2022/9/2 13:53,-5645067,-3360357.93,140.36,140.342,140.348
2022/9/2 13:54,-1243343.25,-4603701.18,140.336,140.334,140.341
2022/9/2 13:55,4527725.82,-75975.36,140.328,140.324,140.33
2022/9/2 13:56,-4413760,-4489735.36,140.3454,140.339,140.345
2022/9/2 13:57,106906.65,-4382828.71,140.366,140.359,140.365
2022/9/2 13:58,6014121.93,1631293.22,140.348,140.348,140.354
2022/9/2 13:59,-5570894,-3939600.78,140.3421,140.341,140.348
2022/9/2 14:00,11556324.88,7616724.1,140.342,140.338,140.348
2022/9/2 14:01,-10924072.83,-3307348.73,140.341,140.336,140.346
2022/9/2 14:02,4352933.54,1045584.81,140.372,140.359,140.368
2022/9/2 14:03,-8111255,-7065670.19,140.3694,140.366,140.373
2022/9/2 14:04,-783988.72,-7849658.91,140.3629,140.356,140.364
2022/9/2 14:05,-39538,-7889196.91,140.3596,140.351,140.358
2022/9/2 14:06,1391461,-6497735.91,140.3859,140.384,140.388
2022/9/2 14:07,-8563828.69,-15061564.6,140.38,140.373,140.379
2022/9/2 14:08,6610153.31,-8451411.29,140.3802,140.377,140.385
2022/9/2 14:09,-5415240.05,-13866651.34,140.373,140.371,140.378
2022/9/2 14:10,2413407,-11453244.34,140.3678,140.364,140.371
2022/9/2 14:11,11755710.06,302465.72,140.354,140.35,140.358
2022/9/2 14:12,-8104993.87,-7802528.15,140.352,140.348,140.355
2022/9/2 14:13,1960344.38,-5842183.77,140.343,140.338,140.346
2022/9/2 14:14,2897173.77,-2945010,140.342,140.34,140.347
2022/9/2 14:15,-2714786.6,-5659796.6,140.342,140.335,140.339
2022/9/2 14:16,-10323952,-15983748.6,140.329,140.325,140.332
2022/9/2 14:17,1391087,-14592661.6,140.3422,140.338,140.345
2022/9/2 14:18,-535238,-15127899.6,140.34,140.335,140.343
2022/9/2 14:19,2949403.6,-12178496,140.327,140.324,140.332
2022/9/2 14:20,5301048.55,-6877447.45,140.302,140.3,140.306
2022/9/2 14:21,-3830820.97,-10708268.42,140.3052,140.305,140.311
2022/9/2 14:22,-12351937.81,-23060206.23,140.3171,140.312,140.321
2022/9/2 14:23,-4664841.56,-27725047.79,140.316,140.312,140.319
2022/9/2 14:24,-586449.13,-28311496.92,140.3164,140.313,140.32
2022/9/2 14:25,-546508,-28858004.92,140.3293,140.325,140.331
2022/9/2 14:26,8019804.61,-20838200.31,140.3359,140.333,140.341
2022/9/2 14:27,-5154947,-25993147.31,140.335,140.331,140.338
2022/9/2 14:28,5504023,-20489124.31,140.346,140.337,140.346
2022/9/2 14:29,5212979,-15276145.31,140.315,140.311,140.318
2022/9/2 14:30,-11458898.84,-26735044.15,140.3079,140.3,140.309
2022/9/2 14:31,2424862,-24310182.15,140.31,140.301,140.308
2022/9/2 14:32,-4621864.62,-28932046.77,140.301,140.297,140.306
2022/9/2 14:33,899656.93,-28032389.84,140.306,140.299,140.308
2022/9/2 14:34,-4424443,-32456832.84,140.3126,140.313,140.322
2022/9/2 14:35,3839551,-28617281.84,140.3174,140.312,140.319
2022/9/2 14:36,3423111,-25194170.84,140.312,140.305,140.315
2022/9/2 14:37,-1399475,-26593645.84,140.303,140.298,140.306
2022/9/2 14:38,3031463.38,-23562182.46,140.294,140.291,140.297
2022/9/2 14:39,3784954.79,-19777227.67,140.3132,140.31,140.317
2022/9/2 14:40,-476577,-20253804.67,140.3,140.297,140.303
2022/9/2 14:41,-2201629.15,-22455433.82,140.308,140.303,140.31
2022/9/2 14:42,9955902,-12499531.82,140.3496,140.344,140.353
2022/9/2 14:43,-209317.35,-12708849.17,140.349,140.342,140.349
2022/9/2 14:44,3883795,-8825054.17,140.3507,140.346,140.354
2022/9/2 14:45,711761.16,-8113293.01,140.3544,140.349,140.358
2022/9/2 14:46,4962269.65,-3151023.36,140.3665,140.356,140.365
2022/9/2 14:47,2406961,-744062.36,140.3687,140.364,140.371
2022/9/2 14:48,2754932.96,2010870.6,140.3657,140.364,140.37
2022/9/2 14:49,901572.78,2912443.38,140.3553,140.349,140.356
2022/9/2 14:50,-422187,2490256.38,140.356,140.352,140.359
2022/9/2 14:51,4710959,7201215.38,140.333,140.329,140.338
2022/9/2 14:52,-273693.82,6927521.56,140.3394,140.338,140.344
2022/9/2 14:53,-4483217.89,2444303.67,140.3478,140.344,140.352
2022/9/2 14:54,1733727.65,4178031.32,140.3443,140.339,140.344
2022/9/2 14:55,316590,4494621.32,140.3611,140.358,140.365
2022/9/2 14:56,15493613.96,19988235.28,140.3428,140.336,140.343
2022/9/2 14:57,-8928077,11060158.28,140.358,140.35,140.359
2022/9/2 14:58,2841561,13901719.28,140.345,140.339,140.347
2022/9/2 14:59,-3009249,10892470.28,140.3371,140.334,140.341
2022/9/2 15:00,-4483391,6409079.28,140.327,140.331,140.34
2022/9/2 15:01,-26603886.68,-20194807.4,140.2976,140.292,140.3
2022/9/2 15:02,-6742801,-26937608.4,140.294,140.302,140.31
2022/9/2 15:03,-6792289,-33729897.4,140.304,140.297,140.303
2022/9/2 15:04,12421359.04,-21308538.36,140.305,140.302,140.308
2022/9/2 15:05,-8069601,-29378139.36,140.298,140.292,140.298
2022/9/2 15:06,-445223.19,-29823362.55,140.286,140.28,140.287
2022/9/2 15:07,4130342.12,-25693020.43,140.2879,140.282,140.289
2022/9/2 15:08,-4916152.54,-30609172.97,140.2725,140.268,140.275
2022/9/2 15:09,-388024.5,-30997197.47,140.29,140.285,140.292
2022/9/2 15:10,-760545,-31757742.47,140.286,140.286,140.293
2022/9/2 15:11,7453756,-24303986.47,140.3091,140.311,140.318
2022/9/2 15:12,-3479030.65,-27783017.12,140.327,140.326,140.335
2022/9/2 15:13,1576002,-26207015.12,140.3389,140.336,140.343
2022/9/2 15:14,-1457133.95,-27664149.07,140.3388,140.337,140.346
2022/9/2 15:15,-2011310.94,-29675460.01,140.354,140.351,140.358
2022/9/2 15:16,15580462.59,-14094997.42,140.3886,140.385,140.39
2022/9/2 15:17,3762509,-10332488.42,140.4235,140.422,140.427
2022/9/2 15:18,9418939,-913549.42,140.4035,140.399,140.408
2022/9/2 15:19,-1004246,-1917795.42,140.4,140.399,140.408
2022/9/2 15:20,5492559,3574763.58,140.3891,140.378,140.385
2022/9/2 15:21,-22808417.5,-19233653.92,140.3674,140.358,140.366
2022/9/2 15:22,-6680168,-25913821.92,140.3387,140.343,140.35
2022/9/2 15:23,-9953152,-35866973.92,140.365,140.359,140.366
2022/9/2 15:24,3476053,-32390920.92,140.341,140.329,140.336
2022/9/2 15:25,-13849546,-46240466.92,140.323,140.317,140.322
2022/9/2 15:26,536549,-45703917.92,140.3144,140.313,140.319
2022/9/2 15:27,-5766700,-51470617.92,140.3246,140.325,140.332
2022/9/2 15:28,-7590428,-59061045.92,140.3476,140.341,140.349
2022/9/2 15:29,17623605.36,-41437440.56,140.3524,140.351,140.358
2022/9/2 15:30,-10492026.12,-51929466.68,140.321,140.328,140.335
2022/9/2 15:31,-26210986.34,-78140453.02,140.3707,140.357,140.365
2022/9/2 15:32,12494202.59,-65646250.43,140.3239,140.316,140.32
2022/9/2 15:33,-1445366.7,-67091617.13,140.308,140.311,140.319
2022/9/2 15:34,-3589027,-70680644.13,140.3295,140.323,140.331
2022/9/2 15:35,3170704.54,-67509939.59,140.355,140.351,140.357
2022/9/2 15:36,5118226.08,-62391713.51,140.3661,140.365,140.373
2022/9/2 15:37,-550703.71,-62942417.22,140.3582,140.354,140.362
2022/9/2 15:38,-11188893,-74131310.22,140.339,140.34,140.347
2022/9/2 15:39,20654575.69,-53476734.53,140.3621,140.358,140.366
2022/9/2 15:40,-10423416.42,-63900150.95,140.354,140.349,140.357
2022/9/2 15:41,-16271610,-80171760.95,140.343,140.332,140.34
2022/9/2 15:42,2715230,-77456530.95,140.3289,140.322,140.329
2022/9/2 15:43,-9149115.4,-86605646.35,140.3103,140.308,140.316
2022/9/2 15:44,3839484.11,-82766162.24,140.276,140.277,140.284
2022/9/2 15:45,-10650658.4,-93416820.64,140.2512,140.251,140.258
2022/9/2 15:46,-3982384.88,-97399205.52,140.2573,140.258,140.266
2022/9/2 15:47,-9185223,-106584428.5,140.2712,140.268,140.275
2022/9/2 15:48,-8014143.05,-114598571.6,140.245,140.241,140.25
2022/9/2 15:49,7713162,-106885409.6,140.2354,140.231,140.24
2022/9/2 15:50,13357709.48,-93527700.09,140.2275,140.222,140.23
2022/9/2 15:51,-9169983,-102697683.1,140.241,140.235,140.24
2022/9/2 15:52,405619.46,-102292063.6,140.228,140.224,140.229
2022/9/2 15:53,-2529362,-104821425.6,140.2396,140.237,140.245
2022/9/2 15:54,5050829,-99770596.63,140.226,140.229,140.235
2022/9/2 15:55,1392790.87,-98377805.76,140.22,140.203,140.211
2022/9/2 15:56,-9572729,-107950534.8,140.238,140.226,140.232
2022/9/2 15:57,379889.27,-107570645.5,140.212,140.203,140.211
2022/9/2 15:58,8092963.58,-99477681.91,140.256,140.251,140.258
2022/9/2 15:59,-7589526.04,-107067208,140.232,140.23,140.234
2022/9/2 16:00,-12128357.54,-119195565.5,140.2573,140.253,140.262
2022/9/2 16:01,8854351,-110341214.5,140.2624,140.252,140.26
2022/9/2 16:02,13363138.03,-96978076.46,140.284,140.282,140.289
2022/9/2 16:03,5109302.03,-91868774.43,140.2993,140.29,140.298
2022/9/2 16:04,-2468591,-94337365.43,140.272,140.261,140.268
2022/9/2 16:05,-6829347.25,-101166712.7,140.2554,140.252,140.259
2022/9/2 16:06,-7694740,-108861452.7,140.2448,140.242,140.25
2022/9/2 16:07,1687784,-107173668.7,140.235,140.234,140.241
2022/9/2 16:08,-23814520.55,-130988189.2,140.248,140.244,140.252
2022/9/2 16:09,-6741743.5,-137729932.7,140.2679,140.269,140.273
2022/9/2 16:10,18040070.63,-119689862.1,140.265,140.26,140.267
2022/9/2 16:11,-5856515,-125546377.1,140.2163,140.211,140.22
2022/9/2 16:12,-14063870,-139610247.1,140.2336,140.23,140.239
2022/9/2 16:13,2267693.15,-137342554,140.185,140.188,140.197
2022/9/2 16:14,-19656124,-156998678,140.1919,140.193,140.2
2022/9/2 16:15,-15033811.16,-172032489.1,140.1855,140.183,140.19
2022/9/2 16:16,3623795.59,-168408693.5,140.1854,140.184,140.192
2022/9/2 16:17,-52077,-168460770.5,140.2158,140.209,140.218
2022/9/2 16:18,7572513,-160888257.5,140.1988,140.195,140.201
2022/9/2 16:19,-14324909,-175213166.5,140.193,140.188,140.195
2022/9/2 16:20,4513746.01,-170699420.5,140.1553,140.153,140.16
2022/9/2 16:21,-18170293.95,-188869714.5,140.155,140.15,140.153
2022/9/2 16:22,4912446.71,-183957267.8,140.1755,140.171,140.18
2022/9/2 16:23,2699710.27,-181257557.5,140.204,140.198,140.204
2022/9/2 16:24,2450523,-178807034.5,140.203,140.198,140.206
2022/9/2 16:25,-7728752,-186535786.5,140.2195,140.218,140.225
2022/9/2 16:26,4221080,-182314706.5,140.234,140.229,140.236
2022/9/2 16:27,7068588.14,-175246118.3,140.224,140.22,140.226
2022/9/2 16:28,12799605,-162446513.3,140.2143,140.209,140.217
2022/9/2 16:29,-2022066,-164468579.3,140.1875,140.181,140.188
2022/9/2 16:30,-8735871,-173204450.3,140.208,140.202,140.209
2022/9/2 16:31,-3936573.58,-177141023.9,140.2143,140.211,140.217
2022/9/2 16:32,2587751.29,-174553272.6,140.21,140.205,140.209
2022/9/2 16:33,7869299,-166683973.6,140.233,140.23,140.236
2022/9/2 16:34,-4691065,-171375038.6,140.226,140.222,140.229
2022/9/2 16:35,-713153,-172088191.6,140.234,140.232,140.237
2022/9/2 16:36,-206862,-172295053.6,140.267,140.264,140.272
2022/9/2 16:37,5112598,-167182455.6,140.286,140.279,140.285
2022/9/2 16:38,14046741,-153135714.6,140.278,140.275,140.279
2022/9/2 16:39,12310358,-140825356.6,140.266,140.261,140.267
2022/9/2 16:40,-10939516,-151764872.6,140.252,140.247,140.254
2022/9/2 16:41,-2404374,-154169246.6,140.266,140.26,140.267
2022/9/2 16:42,-2361686,-156530932.6,140.232,140.226,140.23
2022/9/2 16:43,-4209902,-160740834.6,140.2224,140.22,140.225
2022/9/2 16:44,-4176373,-164917207.6,140.221,140.216,140.224
2022/9/2 16:45,1135038,-163782169.6,140.232,140.229,140.238
2022/9/2 16:46,-1691895,-165474064.6,140.2401,140.238,140.246
2022/9/2 16:47,-4070425,-169544489.6,140.2289,140.23,140.237
2022/9/2 16:48,-1276730.73,-170821220.4,140.2155,140.211,140.219
2022/9/2 16:49,-7343187.72,-178164408.1,140.22,140.214,140.222
2022/9/2 16:50,-11107379,-189271787.1,140.241,140.241,140.248
2022/9/2 16:51,-917419,-190189206.1,140.2541,140.251,140.258
2022/9/2 16:52,14386297.28,-175802908.8,140.25,140.245,140.252
2022/9/2 16:53,3239566,-172563342.8,140.238,140.235,140.241
2022/9/2 16:54,1190632,-171372710.8,140.24,140.236,140.242
2022/9/2 16:55,-2459986,-173832696.8,140.227,140.224,140.23
2022/9/2 16:56,-10430556,-184263252.8,140.22,140.222,140.228
2022/9/2 16:57,-17399210,-201662462.8,140.232,140.228,140.233
2022/9/2 16:58,4949129,-196713333.8,140.2281,140.224,140.231
2022/9/2 16:59,3900115,-192813218.8,140.23,140.224,140.23
2022/9/2 17:00,8654196.3,-184159022.5,140.249,140.244,140.251
2022/9/2 17:01,8060503.7,-176098518.8,140.2749,140.273,140.278
2022/9/2 17:02,-2013853,-178112371.8,140.284,140.282,140.289
2022/9/2 17:03,13474280.23,-164638091.6,140.295,140.292,140.298
2022/9/2 17:04,2259604.42,-162378487.2,140.292,140.292,140.299
2022/9/2 17:05,5929371.27,-156449115.9,140.279,140.276,140.282
2022/9/2 17:06,-1295622,-157744737.9,140.283,140.28,140.285
2022/9/2 17:07,-4027090.19,-161771828.1,140.283,140.277,140.282
2022/9/2 17:08,1582734,-160189094.1,140.289,140.287,140.291
2022/9/2 17:09,-3127321.64,-163316415.7,140.2923,140.291,140.295
2022/9/2 17:10,-224069.24,-163540485,140.286,140.285,140.292
2022/9/2 17:11,5761095,-157779390,140.2853,140.283,140.288
2022/9/2 17:12,11413575,-146365815,140.2929,140.293,140.297
2022/9/2 17:13,-1764343,-148130158,140.3045,140.3,140.305
2022/9/2 17:14,-6611007,-154741165,140.311,140.311,140.316
2022/9/2 17:15,-2179434.63,-156920599.6,140.3258,140.319,140.327
2022/9/2 17:16,6346647,-150573952.6,140.301,140.295,140.303
2022/9/2 17:17,-11137049,-161711001.6,140.3,140.295,140.302
2022/9/2 17:18,9440436.22,-152270565.4,140.3136,140.311,140.317
2022/9/2 17:19,-8431876,-160702441.4,140.2759,140.269,140.276
2022/9/2 17:20,-6596312.54,-167298753.9,140.2958,140.292,140.298
2022/9/2 17:21,3538859,-163759894.9,140.2739,140.27,140.278
2022/9/2 17:22,-13402930,-177162824.9,140.282,140.278,140.287
2022/9/2 17:23,15660934,-161501890.9,140.2975,140.295,140.299
2022/9/2 17:24,3593111,-157908779.9,140.302,140.3,140.305
2022/9/2 17:25,-9216382.38,-167125162.3,140.2776,140.275,140.282
2022/9/2 17:26,-17617878.42,-184743040.7,140.276,140.274,140.281
2022/9/2 17:27,-1384257,-186127297.7,140.277,140.273,140.278
2022/9/2 17:28,-2323157.12,-188450454.8,140.2706,140.267,140.274
2022/9/2 17:29,1693623,-186756831.8,140.2676,140.261,140.267
2022/9/2 17:30,-2680687,-189437518.8,140.271,140.268,140.275
2022/9/2 17:31,2606049,-186831469.8,140.2873,140.289,140.296
2022/9/2 17:32,-4522812,-191354281.8,140.2818,140.276,140.284
2022/9/2 17:33,7515818,-183838463.8,140.301,140.297,140.304
2022/9/2 17:34,-14214538.94,-198053002.8,140.2946,140.29,140.298
2022/9/2 17:35,-4095624,-202148626.8,140.285,140.28,140.288
2022/9/2 17:36,-2841778,-204990404.8,140.2825,140.28,140.286
2022/9/2 17:37,4235892,-200754512.8,140.286,140.274,140.281
2022/9/2 17:38,-8183406.97,-208937919.7,140.2748,140.273,140.281
2022/9/2 17:39,3986912,-204951007.7,140.293,140.289,140.297
2022/9/2 17:40,3626330,-201324677.7,140.2831,140.282,140.289
2022/9/2 17:41,-7169522,-208494199.7,140.2865,140.283,140.29
2022/9/2 17:42,208736,-208285463.7,140.281,140.277,140.285
2022/9/2 17:43,-418789,-208704252.7,140.284,140.279,140.286
2022/9/2 17:44,-4193873.65,-212898126.4,140.285,140.281,140.288
2022/9/2 17:45,-2059900.12,-214958026.5,140.285,140.281,140.287
2022/9/2 17:46,1568880,-213389146.5,140.2865,140.283,140.288
2022/9/2 17:47,5002094,-208387052.5,140.295,140.291,140.292
2022/9/2 17:48,-9049261.69,-217436314.2,140.28,140.275,140.28
2022/9/2 17:49,-2066279,-219502593.2,140.2778,140.275,140.281
2022/9/2 17:50,8485012,-211017581.2,140.295,140.291,140.297
2022/9/2 17:51,5224454.61,-205793126.6,140.279,140.272,140.279
2022/9/2 17:52,-290505.38,-206083632,140.283,140.279,140.284
2022/9/2 17:53,4842215,-201241417,140.293,140.29,140.298
2022/9/2 17:54,3952239.33,-197289177.6,140.287,140.282,140.291
2022/9/2 17:55,-9787201.2,-207076378.8,140.2948,140.292,140.298
2022/9/2 17:56,2688107.25,-204388271.6,140.296,140.291,140.298
2022/9/2 17:57,10058934,-194329337.6,140.305,140.3,140.308
2022/9/2 17:58,-2731072,-197060409.6,140.308,140.303,140.31
2022/9/2 17:59,-1126166,-198186575.6,140.326,140.323,140.328
2022/9/2 18:00,4973888.91,-193212686.7,140.333,140.333,140.339
2022/9/2 18:01,-4707520,-197920206.7,140.342,140.345,140.352
2022/9/2 18:02,18953009.32,-178967197.3,140.335,140.332,140.337
2022/9/2 18:03,3655793.19,-175311404.2,140.3438,140.341,140.347
2022/9/2 18:04,-322221,-175633625.2,140.3388,140.336,140.34
2022/9/2 18:05,4691928,-170941697.2,140.344,140.34,140.344
2022/9/2 18:06,-934607,-171876304.2,140.34,140.34,140.345
2022/9/2 18:07,370837.04,-171505467.1,140.3401,140.34,140.347
2022/9/2 18:08,6942906.4,-164562560.7,140.3755,140.372,140.379
2022/9/2 18:09,4876953,-159685607.7,140.3855,140.381,140.386
2022/9/2 18:10,6597872,-153087735.7,140.3903,140.391,140.394
2022/9/2 18:11,9137298,-143950437.7,140.3769,140.38,140.386
2022/9/2 18:12,6634844,-137315593.7,140.3734,140.371,140.376
2022/9/2 18:13,204757,-137110836.7,140.369,140.368,140.375
2022/9/2 18:14,1007,-137109829.7,140.3715,140.371,140.376
2022/9/2 18:15,-822629,-137932458.7,140.3676,140.365,140.371
2022/9/2 18:16,10855469.39,-127076989.3,140.3535,140.351,140.357
2022/9/2 18:17,-7287177.56,-134364166.9,140.352,140.347,140.354
2022/9/2 18:18,-8848820,-143212986.9,140.33,140.332,140.338
2022/9/2 18:19,-5271688.74,-148484675.6,140.332,140.325,140.331
2022/9/2 18:20,-793153.65,-149277829.3,140.3293,140.326,140.331
2022/9/2 18:21,-970805,-150248634.3,140.3408,140.336,140.34
2022/9/2 18:22,-2126346,-152374980.3,140.334,140.332,140.337
2022/9/2 18:23,5292907.48,-147082072.8,140.325,140.323,140.328
2022/9/2 18:24,-2089640.51,-149171713.3,140.3339,140.33,140.338
2022/9/2 18:25,2481796,-146689917.3,140.315,140.313,140.318
2022/9/2 18:26,-1638232,-148328149.3,140.306,140.304,140.309
2022/9/2 18:27,-10475448,-158803597.3,140.319,140.314,140.319
2022/9/2 18:28,-5443897.69,-164247495,140.335,140.331,140.335
2022/9/2 18:29,-2579588,-166827083,140.3274,140.322,140.328
2022/9/2 18:30,-2743184.36,-169570267.4,140.329,140.325,140.33
2022/9/2 18:31,-8658504.62,-178228772,140.307,140.302,140.308
2022/9/2 18:32,-4843993,-183072765,140.306,140.302,140.308
2022/9/2 18:33,2018752,-181054013,140.309,140.304,140.311
2022/9/2 18:34,-3381379,-184435392,140.318,140.314,140.32
2022/9/2 18:35,-3475773,-187911165,140.3065,140.303,140.309
2022/9/2 18:36,2777128,-185134037,140.328,140.324,140.33
2022/9/2 18:37,5909772,-179224265,140.3388,140.34,140.346
2022/9/2 18:38,2140571,-177083694,140.3416,140.34,140.345
2022/9/2 18:39,-2948793,-180032487,140.344,140.343,140.349
2022/9/2 18:40,2132844,-177899643,140.3338,140.329,140.336
2022/9/2 18:41,-2508412,-180408055,140.328,140.33,140.336
2022/9/2 18:42,626743,-179781312,140.341,140.339,140.346
2022/9/2 18:43,-8087527.02,-187868839,140.319,140.315,140.321
2022/9/2 18:44,-9077481.96,-196946321,140.3045,140.311,140.311
2022/9/2 18:45,1929566.77,-195016754.2,140.3154,140.317,140.323
2022/9/2 18:46,-871152.51,-195887906.7,140.3228,140.318,140.326
2022/9/2 18:47,1604618,-194283288.7,140.3289,140.33,140.336
2022/9/2 18:48,1693658,-192589630.7,140.3253,140.328,140.332
2022/9/2 18:49,3049144,-189540486.7,140.3349,140.331,140.336
2022/9/2 18:50,-1704230,-191244716.7,140.322,140.32,140.327
2022/9/2 18:51,7646172,-183598544.7,140.339,140.338,140.344
2022/9/2 18:52,7190116,-176408428.7,140.347,140.346,140.352
2022/9/2 18:53,685298,-175723130.7,140.337,140.332,140.34
2022/9/2 18:54,3449735,-172273395.7,140.36,140.357,140.363
2022/9/2 18:55,-4432296,-176705691.7,140.365,140.361,140.366
2022/9/2 18:56,11102507,-165603184.7,140.366,140.373,140.371
2022/9/2 18:57,6014240,-159588944.7,140.382,140.379,140.386
2022/9/2 18:58,10407537.89,-149181406.8,140.384,140.379,140.385
2022/9/2 18:59,7657714,-141523692.8,140.371,140.368,140.375
2022/9/2 19:00,2451776,-139071916.8,140.374,140.371,140.378
2022/9/2 19:01,4176589,-134895327.8,140.3778,140.378,140.384
2022/9/2 19:02,5774286,-129121041.8,140.3758,140.369,140.377
2022/9/2 19:03,-11162676,-140283717.8,140.3455,140.34,140.348
2022/9/2 19:04,-2055965,-142339682.8,140.3248,140.318,140.326
2022/9/2 19:05,-17739778,-160079460.8,140.323,140.317,140.325
2022/9/2 19:06,-16361242,-176440702.8,140.2958,140.29,140.296
2022/9/2 19:07,-18969895,-195410597.8,140.298,140.295,140.301
2022/9/2 19:08,-16610207,-212020804.8,140.297,140.295,140.303
2022/9/2 19:09,-14210384,-226231188.8,140.3078,140.307,140.312
2022/9/2 19:10,-6268021,-232499209.8,140.31,140.306,140.311
2022/9/2 19:11,123851,-232375358.8,140.3065,140.303,140.309
2022/9/2 19:12,1644994,-230730364.8,140.3211,140.317,140.323
2022/9/2 19:13,2119256,-228611108.8,140.3233,140.314,140.32
2022/9/2 19:14,786259,-227824849.8,140.335,140.334,140.34
2022/9/2 19:15,8301314,-219523535.8,140.3444,140.342,140.349
2022/9/2 19:16,-3475934,-222999469.8,140.32,140.319,140.324
2022/9/2 19:17,3355465,-219644004.8,140.3065,140.301,140.306
2022/9/2 19:18,-6022131,-225666135.8,140.316,140.315,140.321
2022/9/2 19:19,-41676.07,-225707811.9,140.323,140.31,140.316
2022/9/2 19:20,-4980454,-230688265.9,140.3136,140.31,140.313
2022/9/2 19:21,4765082,-225923183.9,140.306,140.301,140.307
2022/9/2 19:22,7283135,-218640048.9,140.311,140.305,140.311
2022/9/2 19:23,-6949250,-225589298.9,140.3044,140.302,140.31
2022/9/2 19:24,-3481966,-229071264.9,140.302,140.301,140.307
2022/9/2 19:25,-2034556,-231105820.9,140.304,140.301,140.307
2022/9/2 19:26,3665383,-227440437.9,140.31,140.307,140.313
2022/9/2 19:27,6670783.58,-220769654.3,140.3289,140.332,140.339
2022/9/2 19:28,15194899,-205574755.3,140.3473,140.344,140.349
2022/9/2 19:29,5324268,-200250487.3,140.34,140.339,140.346
2022/9/2 19:30,14004335,-186246152.3,140.34,140.336,140.343
2022/9/2 19:31,-2388746,-188634898.3,140.329,140.328,140.334
2022/9/2 19:32,29267.99,-188605630.3,140.336,140.333,140.339
2022/9/2 19:33,5848400,-182757230.3,140.3438,140.338,140.344
2022/9/2 19:34,4887461,-177869769.3,140.3329,140.329,140.335
2022/9/2 19:35,1573066.79,-176296702.5,140.338,140.336,140.342
2022/9/2 19:36,-2472204,-178768906.5,140.3428,140.339,140.346
2022/9/2 19:37,5481530,-173287376.5,140.3521,140.347,140.354
2022/9/2 19:38,-3839615,-177126991.5,140.3386,140.336,140.342
2022/9/2 19:39,-1749321.21,-178876312.7,140.335,140.331,140.337
2022/9/2 19:40,561327,-178314985.7,140.328,140.326,140.332
2022/9/2 19:41,-664908,-178979893.7,140.327,140.324,140.328
2022/9/2 19:42,757579,-178222314.7,140.3319,140.328,140.334
2022/9/2 19:43,-16649880,-194872194.7,140.318,140.314,140.32
2022/9/2 19:44,-13921782.1,-208793976.8,140.32,140.316,140.323
2022/9/2 19:45,9820908,-198973068.8,140.314,140.31,140.316
2022/9/2 19:46,-7781824,-206754892.8,140.321,140.32,140.325
2022/9/2 19:47,560620.8,-206194272,140.328,140.326,140.332
2022/9/2 19:48,674786.98,-205519485,140.3258,140.321,140.328
2022/9/2 19:49,-5626351,-211145836,140.312,140.307,140.314
2022/9/2 19:50,-1824150,-212969986,140.307,140.304,140.309
2022/9/2 19:51,231188.08,-212738798,140.3109,140.309,140.315
2022/9/2 19:52,-10125097,-222863895,140.3109,140.307,140.315
2022/9/2 19:53,3947005,-218916890,140.32,140.319,140.326
2022/9/2 19:54,3297039,-215619851,140.34,140.314,140.317
2022/9/2 19:55,-13726912.86,-229346763.8,140.308,140.301,140.307
2022/9/2 19:56,6174023,-223172740.8,140.32,140.321,140.327
2022/9/2 19:57,1793895.04,-221378845.8,140.3168,140.313,140.319
2022/9/2 19:58,-7411613,-228790458.8,140.31,140.311,140.318
2022/9/2 19:59,10445159,-218345299.8,140.321,140.319,140.326
2022/9/2 20:00,366136.08,-217979163.7,140.3193,140.303,140.31
2022/9/2 20:01,-12879767.37,-230858931.1,140.302,140.298,140.305
2022/9/2 20:02,1917070,-228941861.1,140.3164,140.312,140.319
2022/9/2 20:03,11558931,-217382930.1,140.3149,140.313,140.319
2022/9/2 20:04,-8099839,-225482769.1,140.3096,140.307,140.314
2022/9/2 20:05,2999908,-222482861.1,140.3235,140.321,140.326
2022/9/2 20:06,15756276,-206726585.1,140.349,140.342,140.35
2022/9/2 20:07,2708598,-204017987.1,140.335,140.33,140.335
2022/9/2 20:08,6016640.78,-198001346.3,140.3289,140.325,140.331
2022/9/2 20:09,16929617.82,-181071728.5,140.336,140.331,140.337
2022/9/2 20:10,603727.21,-180468001.3,140.3351,140.331,140.336
2022/9/2 20:11,-3299843,-183767844.3,140.3389,140.337,140.342
2022/9/2 20:12,4577189.26,-179190655,140.3438,140.339,140.344
2022/9/2 20:13,-2106708,-181297363,140.352,140.35,140.356
2022/9/2 20:14,6131237.16,-175166125.9,140.3681,140.364,140.373
2022/9/2 20:15,9360365,-165805760.9,140.3631,140.362,140.369
2022/9/2 20:16,2187939,-163617821.9,140.3669,140.365,140.373
2022/9/2 20:17,-7978698.77,-171596520.6,140.3505,140.349,140.355
2022/9/2 20:18,9555875.57,-162040645.1,140.368,140.364,140.369
2022/9/2 20:19,3835041.5,-158205603.6,140.3685,140.361,140.367
2022/9/2 20:20,4868502,-153337101.6,140.3741,140.371,140.376
2022/9/2 20:21,-6459754,-159796855.6,140.364,140.356,140.361
2022/9/2 20:22,-2516542,-162313397.6,140.3683,140.364,140.369
2022/9/2 20:23,-3819022,-166132419.6,140.3596,140.359,140.365
2022/9/2 20:24,4816270.65,-161316148.9,140.369,140.368,140.374
2022/9/2 20:25,4036823,-157279325.9,140.376,140.373,140.378
2022/9/2 20:26,-9465334,-166744659.9,140.376,140.371,140.377
2022/9/2 20:27,6688809.81,-160055850.1,140.3829,140.388,140.393
2022/9/2 20:28,14482975,-145572875.1,140.393,140.394,140.399
2022/9/2 20:29,14518129,-131054746.1,140.401,140.402,140.408
2022/9/2 20:30,2731535.29,-128323210.8,140.391,140.39,140.394
2022/9/2 20:31,-13907920,-142231130.8,140.3749,140.372,140.38
2022/9/2 20:32,2802160,-139428970.8,140.368,140.363,140.369
2022/9/2 20:33,2853809,-136575161.8,140.4489,140.446,140.453
2022/9/2 20:34,12139132.39,-124436029.4,140.467,140.461,140.469
2022/9/2 20:35,-10407040,-134843069.4,140.445,140.441,140.446
2022/9/2 20:36,-3120476.55,-137963546,140.471,140.465,140.472
2022/9/2 20:37,17607402,-120356144,140.47,140.465,140.472
2022/9/2 20:38,-623420,-120979564,140.4568,140.453,140.458
2022/9/2 20:39,-11087797,-132067361,140.4688,140.468,140.475
2022/9/2 20:40,-301379,-132368740,140.4816,140.48,140.485
2022/9/2 20:41,-1149700.7,-133518440.7,140.4775,140.476,140.483
2022/9/2 20:42,2344373.91,-131174066.8,140.4837,140.475,140.482
2022/9/2 20:43,12257328,-118916738.8,140.4725,140.466,140.473
2022/9/2 20:44,7345694.92,-111571043.8,140.4669,140.464,140.468
2022/9/2 20:45,-6705955.7,-118276999.5,140.462,140.458,140.462
2022/9/2 20:46,-7067606.44,-125344606,140.4495,140.444,140.451
2022/9/2 20:47,-1079424.05,-126424030,140.446,140.443,140.451
2022/9/2 20:48,-2398932.49,-128822962.5,140.424,140.419,140.427
2022/9/2 20:49,-10951429,-139774391.5,140.4174,140.419,140.421
2022/9/2 20:50,-14408403,-154182794.5,140.4227,140.416,140.423
2022/9/2 20:51,-16647631.83,-170830426.3,140.4464,140.443,140.449
2022/9/2 20:52,1845522,-168984904.3,140.4508,140.447,140.453
2022/9/2 20:53,1003714,-167981190.3,140.4458,140.444,140.446
2022/9/2 20:54,-2435211,-170416401.3,140.4411,140.438,140.444
2022/9/2 20:55,5265836,-165150565.3,140.4038,140.397,140.404
2022/9/2 20:56,6923998.95,-158226566.4,140.4023,140.399,140.406
2022/9/2 20:57,14064158,-144162408.4,140.4396,140.435,140.443
2022/9/2 20:58,12209033,-131953375.4,140.449,140.449,140.455
2022/9/2 20:59,12858019,-119095356.4,140.4523,140.446,140.453
2022/9/2 21:00,694010,-118401346.4,140.4221,140.432,140.439
2022/9/2 21:01,-9754974.14,-128156320.5,140.4427,140.437,140.445
2022/9/2 21:02,-197282.6,-128353603.1,140.44,140.438,140.444
2022/9/2 21:03,3472902,-124880701.1,140.4446,140.443,140.447
2022/9/2 21:04,-3388202,-128268903.1,140.4445,140.437,140.443
2022/9/2 21:05,13039613.38,-115229289.8,140.477,140.471,140.479
2022/9/2 21:06,3763554,-111465735.8,140.483,140.478,140.484
2022/9/2 21:07,14867386.65,-96598349.1,140.451,140.446,140.453
2022/9/2 21:08,-16218266,-112816615.1,140.448,140.448,140.453
2022/9/2 21:09,5795694,-107020921.1,140.461,140.457,140.465
2022/9/2 21:10,195561,-106825360.1,140.4665,140.463,140.467
2022/9/2 21:11,-332381,-107157741.1,140.457,140.456,140.464
2022/9/2 21:12,11185887.7,-95971853.4,140.4741,140.471,140.478
2022/9/2 21:13,-4098619,-100070472.4,140.468,140.464,140.468
2022/9/2 21:14,17405873,-82664599.4,140.478,140.474,140.478
2022/9/2 21:15,-14833425.89,-97498025.29,140.469,140.462,140.47
2022/9/2 21:16,-1264604,-98762629.29,140.4778,140.473,140.478
2022/9/2 21:17,-5359504.26,-104122133.6,140.4734,140.471,140.478
2022/9/2 21:18,-7697787.93,-111819921.5,140.4715,140.47,140.476
2022/9/2 21:19,-19014558.68,-130834480.2,140.4403,140.437,140.442
2022/9/2 21:20,-12274811,-143109291.2,140.4328,140.431,140.438
2022/9/2 21:21,-18734544,-161843835.2,140.4299,140.431,140.438
2022/9/2 21:22,-5524110,-167367945.2,140.44,140.43,140.435
2022/9/2 21:23,-5738851.75,-173106796.9,140.4424,140.438,140.447
2022/9/2 21:24,-7214070,-180320866.9,140.441,140.431,140.437
2022/9/2 21:25,252408,-180068458.9,140.436,140.434,140.441
2022/9/2 21:26,-13122123,-193190581.9,140.425,140.409,140.417
2022/9/2 21:27,-3752864.67,-196943446.6,140.407,140.404,140.408
2022/9/2 21:28,-8555783.92,-205499230.5,140.379,140.387,140.392
2022/9/2 21:29,-10037601.45,-215536832,140.3878,140.384,140.391
2022/9/2 21:30,-54517828.42,-270054660.4,140.4531,140.478,140.485
2022/9/2 21:31,129372577.1,-140682083.3,139.9919,139.947,139.967
2022/9/2 21:32,-119368290,-260050373.3,140.3559,140.339,140.355
2022/9/2 21:33,5000620.14,-255049753.1,140.2049,140.189,140.2
2022/9/2 21:34,-8158697,-263208450.1,140.2681,140.277,140.284
2022/9/2 21:35,-21269070.73,-284477520.9,140.3055,140.309,140.311
2022/9/2 21:36,-18497760,-302975280.9,140.346,140.333,140.341
2022/9/2 21:37,-46544373,-349519653.9,140.32,140.273,140.283
2022/9/2 21:38,-30153439.09,-379673093,140.287,140.248,140.261
2022/9/2 21:39,35270392.22,-344402700.7,140.3344,140.317,140.323
2022/9/2 21:40,31688943,-312713757.7,140.362,140.349,140.357
2022/9/2 21:41,18083739.87,-294630017.9,140.3594,140.346,140.355
2022/9/2 21:42,19165449.08,-275464568.8,140.388,140.395,140.404
2022/9/2 21:43,17308371,-258156197.8,140.4114,140.396,140.406
2022/9/2 21:44,-14693090.75,-272849288.5,140.5533,140.544,140.554
2022/9/2 21:45,-22905902.68,-295755191.2,140.7093,140.705,140.714
2022/9/2 21:46,30775186.61,-264980004.6,140.6543,140.646,140.656
2022/9/2 21:47,-6685214,-271665218.6,140.702,140.692,140.704
2022/9/2 21:48,-15646479.22,-287311697.8,140.7384,140.748,140.744
2022/9/2 21:49,13560483.87,-273751214,140.768,140.752,140.76
2022/9/2 21:50,-25249493,-299000707,140.731,140.714,140.726
2022/9/2 21:51,12349675.86,-286651031.1,140.6373,140.615,140.625
2022/9/2 21:52,-21273678.97,-307924710.1,140.64,140.624,140.635
2022/9/2 21:53,-6353603.05,-314278313.1,140.6789,140.659,140.662
2022/9/2 21:54,-37927656.08,-352205969.2,140.576,140.566,140.574
2022/9/2 21:55,19867225.04,-332338744.2,140.6116,140.622,140.629
2022/9/2 21:56,-15915867,-348254611.2,140.5768,140.577,140.585
2022/9/2 21:57,-8107103.26,-356361714.4,140.6105,140.601,140.608
2022/9/2 21:58,-30658614.15,-387020328.6,140.5791,140.568,140.575
2022/9/2 21:59,-14990807,-402011135.6,140.582,140.571,140.58
2022/9/2 22:00,1440780.78,-400570354.8,140.5801,140.579,140.587
2022/9/2 22:01,32847767.68,-367722587.1,140.67,140.658,140.663
2022/9/2 22:02,32947390,-334775197.1,140.6511,140.633,140.642
2022/9/2 22:03,-15297641.25,-350072838.3,140.631,140.621,140.629
2022/9/2 22:04,-17789691.19,-367862529.5,140.601,140.589,140.597
2022/9/2 22:05,-29740009.67,-397602539.2,140.516,140.508,140.514
2022/9/2 22:06,-3037291,-400639830.2,140.547,140.536,140.543
2022/9/2 22:07,-4172613.55,-404812443.8,140.4605,140.459,140.468
2022/9/2 22:08,-27454258,-432266701.8,140.493,140.498,140.506
2022/9/2 22:09,-8487585.36,-440754287.1,140.3966,140.385,140.391
2022/9/2 22:10,-14169014.68,-454923301.8,140.341,140.336,140.347
2022/9/2 22:11,-13400068.98,-468323370.8,140.3248,140.312,140.321
2022/9/2 22:12,-41843679.67,-510167050.5,140.308,140.313,140.321
2022/9/2 22:13,-15174323.31,-525341373.8,140.3133,140.308,140.317
2022/9/2 22:14,-26848369,-552189742.8,140.3235,140.317,140.323
2022/9/2 22:15,-6150223.26,-558339966,140.391,140.381,140.389
2022/9/2 22:16,-11677259.51,-570017225.5,140.349,140.344,140.349
2022/9/2 22:17,4309387.37,-565707838.2,140.3719,140.368,140.373
2022/9/2 22:18,-6571964,-572279802.2,140.287,140.28,140.286
2022/9/2 22:19,-16421203,-588701005.2,140.3109,140.309,140.316
2022/9/2 22:20,-8871114.57,-597572119.7,140.222,140.22,140.23
2022/9/2 22:21,-907052,-598479171.7,140.207,140.204,140.212
2022/9/2 22:22,122467.17,-598356704.6,140.219,140.212,140.22
2022/9/2 22:23,-5120808.66,-603477513.2,140.116,140.095,140.106
2022/9/2 22:24,-339722.91,-603817236.1,140.059,140.035,140.043
2022/9/2 22:25,2122135,-601695101.1,140.087,140.088,140.094
2022/9/2 22:26,8027762,-593667339.1,140.181,140.175,140.184
2022/9/2 22:27,4455032.84,-589212306.3,140.1863,140.183,140.192
2022/9/2 22:28,-18121823.68,-607334130,140.2153,140.211,140.214
2022/9/2 22:29,3378287.51,-603955842.5,140.187,140.165,140.173
2022/9/2 22:30,5418701,-598537141.5,140.212,140.192,140.201
2022/9/2 22:31,-7532247,-606069388.5,140.267,140.26,140.269
2022/9/2 22:32,-4455836.33,-610525224.8,140.348,140.335,140.343
2022/9/2 22:33,8546975.9,-601978248.9,140.324,140.336,140.345
2022/9/2 22:34,12433482.25,-589544766.6,140.261,140.25,140.256
2022/9/2 22:35,-10276363,-599821129.6,140.27,140.267,140.278
2022/9/2 22:36,-2948110,-602769239.6,140.26,140.251,140.258
2022/9/2 22:37,-679860,-603449099.6,140.2274,140.221,140.229
2022/9/2 22:38,-29597058.55,-633046158.2,140.1291,140.126,140.136
2022/9/2 22:39,-18851795,-651897953.2,140.1455,140.141,140.149
2022/9/2 22:40,-17784902.73,-669682855.9,140.1694,140.161,140.165
2022/9/2 22:41,26582064,-643100791.9,140.2425,140.229,140.239
2022/9/2 22:42,8685001,-634415790.9,140.2214,140.21,140.219
2022/9/2 22:43,-13196034.68,-647611825.6,140.187,140.182,140.19
2022/9/2 22:44,-8947656,-656559481.6,140.169,140.164,140.173
2022/9/2 22:45,12174758,-644384723.6,140.2608,140.249,140.257
2022/9/2 22:46,-6588583,-650973306.6,140.2166,140.215,140.222
2022/9/2 22:47,-11654583,-662627889.6,140.2049,140.196,140.205
2022/9/2 22:48,-5279634.58,-667907524.2,140.184,140.183,140.181
2022/9/2 22:49,-2509759,-670417283.2,140.158,140.154,140.155
2022/9/2 22:50,-11003605.03,-681420888.2,140.171,140.161,140.166
2022/9/2 22:51,-9053950.86,-690474839.1,140.129,140.121,140.122
2022/9/2 22:52,2072557,-688402282.1,140.11,140.106,140.115
2022/9/2 22:53,-1483497,-689885779.1,140.148,140.14,140.146
2022/9/2 22:54,491459.04,-689394320,140.12,140.116,140.122
2022/9/2 22:55,-6327096.71,-695721416.7,140.1446,140.132,140.138
2022/9/2 22:56,-27808457.26,-723529874,140.092,140.075,140.086
2022/9/2 22:57,-1425881,-724955755,140.134,140.131,140.138
2022/9/2 22:58,15925055.34,-709030699.7,140.1361,140.133,140.142
2022/9/2 22:59,-18642396,-727673095.7,140.1505,140.14,140.148
2022/9/2 23:00,6237515.74,-721435579.9,140.122,140.12,140.139
2022/9/2 23:01,-13207517.01,-734643096.9,140.0578,140.047,140.058
2022/9/2 23:02,16424283,-718218813.9,140.028,140.042,140.045
2022/9/2 23:03,1054849,-717163964.9,140.087,140.086,140.093
2022/9/2 23:04,7771034,-709392930.9,140.047,140.044,140.051
2022/9/2 23:05,-3579873.45,-712972804.4,140.0554,140.061,140.07
2022/9/2 23:06,13890317,-699082487.4,140.0948,140.09,140.098
2022/9/2 23:07,-9756816.56,-708839303.9,140.168,140.161,140.167
2022/9/2 23:08,-11319771.4,-720159075.3,140.149,140.144,140.149
2022/9/2 23:09,22499339.65,-697659735.7,140.1758,140.173,140.179
2022/9/2 23:10,5354991,-692304744.7,140.1726,140.161,140.169
2022/9/2 23:11,2105463,-690199281.7,140.193,140.192,140.199
2022/9/2 23:12,-8930947.43,-699130229.1,140.174,140.169,140.178
2022/9/2 23:13,6167534.97,-692962694.1,140.163,140.187,140.196
2022/9/2 23:14,-943990.65,-693906684.8,140.1731,140.174,140.182
2022/9/2 23:15,1747585.82,-692159099,140.1549,140.148,140.156
2022/9/2 23:16,-8279894.99,-700438994,140.1436,140.135,140.142
2022/9/2 23:17,1082632,-699356362,140.144,140.129,140.137
2022/9/2 23:18,-11980629.12,-711336991.1,140.1133,140.108,140.116
2022/9/2 23:19,-6032764,-717369755.1,140.144,140.139,140.147
2022/9/2 23:20,5026511.92,-712343243.2,140.163,140.157,140.165
2022/9/2 23:21,-4098365,-716441608.2,140.1623,140.16,140.168
2022/9/2 23:22,-1247369.53,-717688977.7,140.147,140.142,140.148
2022/9/2 23:23,-5194401,-722883378.7,140.1576,140.159,140.165
2022/9/2 23:24,-5417132,-728300510.7,140.154,140.161,140.166
2022/9/2 23:25,1904985.96,-726395524.7,140.15,140.152,140.159
2022/9/2 23:26,-13899855,-740295379.7,140.1288,140.121,140.13
2022/9/2 23:27,12140759.94,-728154619.8,140.121,140.111,140.113
2022/9/2 23:28,-1175371.11,-729329990.9,140.097,140.093,140.1
2022/9/2 23:29,-1346179.25,-730676170.2,140.097,140.095,140.102
2022/9/2 23:30,-12085491.78,-742761661.9,140.049,140.056,140.064
2022/9/2 23:31,6798958.02,-735962703.9,140.05,140.054,140.061
2022/9/2 23:32,-2585069.61,-738547773.5,140.0658,140.062,140.069
2022/9/2 23:33,-4435681.93,-742983455.5,140.0983,140.094,140.1
2022/9/2 23:34,-51108,-743034563.5,140.0955,140.093,140.098
2022/9/2 23:35,4940444.93,-738094118.5,140.084,140.082,140.09
2022/9/2 23:36,950790,-737143328.5,140.132,140.132,140.14
2022/9/2 23:37,14710137.09,-722433191.4,140.1944,140.189,140.191
2022/9/2 23:38,2975601.2,-719457590.2,140.17,140.17,140.175
2022/9/2 23:39,12816178,-706641412.2,140.186,140.183,140.19
2022/9/2 23:40,4161785,-702479627.2,140.184,140.178,140.182
2022/9/2 23:41,270818.68,-702208808.6,140.167,140.16,140.168
2022/9/2 23:42,-7537726,-709746534.6,140.117,140.115,140.123
2022/9/2 23:43,-8988191.11,-718734725.7,140.148,140.144,140.152
2022/9/2 23:44,4145745,-714588980.7,140.157,140.158,140.164
2022/9/2 23:45,-2947554,-717536534.7,140.152,140.142,140.148
2022/9/2 23:46,-127515,-717664049.7,140.1161,140.111,140.119
2022/9/2 23:47,-7845749,-725509798.7,140.1431,140.134,140.14
2022/9/2 23:48,-24385305.67,-749895104.3,140.0988,140.085,140.093
2022/9/2 23:49,-1282268,-751177372.3,140.1,140.1,140.109
2022/9/2 23:50,20481670,-730695702.3,140.154,140.15,140.158
2022/9/2 23:51,3208197,-727487505.3,140.104,140.1,140.108
2022/9/2 23:52,-14613695.23,-742101200.6,140.1039,140.101,140.109
2022/9/2 23:53,-13516249,-755617449.6,140.088,140.074,140.084
2022/9/2 23:54,-11225641.23,-766843090.8,140.0795,140.071,140.079
2022/9/2 23:55,-13982439,-780825529.8,140.02,140.014,140.021
2022/9/2 23:56,-15223245,-796048774.8,140.068,140.065,140.071
2022/9/2 23:57,-7281198,-803329972.8,140.036,140.02,140.028
2022/9/2 23:58,-888632,-804218604.8,140.053,140.048,140.055
2022/9/2 23:59,-1660074,-805878678.8,140.035,140.034,140.039
2022/9/3 0:00,4019149.37,-801859529.4,140.046,140.03,140.035
2022/9/3 0:01,6369607,-795489922.4,140.02,140.016,140.022
2022/9/3 0:02,-9349746.92,-804839669.3,140.073,140.073,140.083
2022/9/3 0:03,2469030,-802370639.3,140.096,140.102,140.106
2022/9/3 0:04,27539727,-774830912.3,140.1105,140.108,140.113
2022/9/3 0:05,9806870,-765024042.3,140.089,140.089,140.095
2022/9/3 0:06,-8886842,-773910884.3,140.107,140.1,140.108
2022/9/3 0:07,4136225.96,-769774658.4,140.123,140.114,140.121
2022/9/3 0:08,1610653.56,-768164004.8,140.122,140.117,140.125
2022/9/3 0:09,-759501.1,-768923505.9,140.119,140.116,140.125
2022/9/3 0:10,-719758,-769643263.9,140.1028,140.1,140.108
2022/9/3 0:11,3642271,-766000992.9,140.1,140.095,140.102
2022/9/3 0:12,-113108.45,-766114101.4,140.0699,140.065,140.072
2022/9/3 0:13,-29642929,-795757030.4,140.0186,140.014,140.023
2022/9/3 0:14,-12579413,-808336443.4,140.0383,140.034,140.043
2022/9/3 0:15,-9453103.61,-817789547,139.939,139.951,139.962
2022/9/3 0:16,-8368055.99,-826157603,140,139.991,139.998
2022/9/3 0:17,-2558106,-828715709,140.0029,139.997,140.006
2022/9/3 0:18,12542471,-816173238,139.978,139.971,139.98
2022/9/3 0:19,-1087557,-817260795,140.005,140.003,140.011
2022/9/3 0:20,-2721594.42,-819982389.4,139.9835,139.986,139.994
2022/9/3 0:21,-8655692.94,-828638082.3,139.989,139.989,139.995
2022/9/3 0:22,5260631,-823377451.3,140.001,139.995,140
2022/9/3 0:23,757066,-822620385.3,140,139.994,140.003
2022/9/3 0:24,-5494734.46,-828115119.8,140.017,140.014,140.021
2022/9/3 0:25,12628847,-815486272.8,140.036,140.035,140.043
2022/9/3 0:26,20944358.34,-794541914.5,140.084,140.081,140.087
2022/9/3 0:27,5061235.68,-789480678.8,140.083,140.08,140.089
2022/9/3 0:28,122469.89,-789358208.9,140.064,140.06,140.068
2022/9/3 0:29,2817521,-786540687.9,140.074,140.074,140.082
2022/9/3 0:30,4186463,-782354224.9,140.087,140.082,140.09
2022/9/3 0:31,-7170591,-789524815.9,140.0436,140.042,140.05
2022/9/3 0:32,210587,-789314228.9,140.069,140.065,140.072
2022/9/3 0:33,-773104.4,-790087333.3,140.08,140.075,140.083
2022/9/3 0:34,81817,-790005516.3,140.0883,140.088,140.095
2022/9/3 0:35,4184212.28,-785821304,140.1416,140.137,140.144
2022/9/3 0:36,-234874,-786056178,140.16,140.158,140.165
2022/9/3 0:37,16540855.09,-769515322.9,140.163,140.163,140.17
2022/9/3 0:38,7928699,-761586623.9,140.1673,140.163,140.171
2022/9/3 0:39,11276348,-750310275.9,140.1849,140.186,140.192
2022/9/3 0:40,-13894375,-764204650.9,140.188,140.184,140.191
2022/9/3 0:41,7081654,-757122996.9,140.196,140.191,140.197
2022/9/3 0:42,4389674.95,-752733322,140.2065,140.212,140.221
2022/9/3 0:43,2459765.47,-750273556.5,140.2351,140.234,140.241
2022/9/3 0:44,-2125868,-752399424.5,140.243,140.243,140.25
2022/9/3 0:45,10087970,-742311454.5,140.1966,140.19,140.197
2022/9/3 0:46,10234776,-732076678.5,140.184,140.179,140.186
2022/9/3 0:47,-1383250.18,-733459928.7,140.1824,140.181,140.189
2022/9/3 0:48,-930090.82,-734390019.5,140.1726,140.17,140.177
2022/9/3 0:49,-6347913,-740737932.5,140.18,140.18,140.185
2022/9/3 0:50,761521.89,-739976410.6,140.182,140.176,140.185
2022/9/3 0:51,-7062238,-747038648.6,140.166,140.153,140.16
2022/9/3 0:52,1663290.13,-745375358.5,140.134,140.13,140.133
2022/9/3 0:53,-5442364.96,-750817723.4,140.134,140.131,140.135
2022/9/3 0:54,-3663861.75,-754481585.2,140.141,140.137,140.142
2022/9/3 0:55,-9249772,-763731357.2,140.1128,140.105,140.11
2022/9/3 0:56,-10366106,-774097463.2,140.0964,140.096,140.1
2022/9/3 0:57,-5916362.23,-780013825.4,140.103,140.099,140.104
2022/9/3 0:58,-6530963,-786544788.4,140.098,140.093,140.1
2022/9/3 0:59,14309,-786530479.4,140.068,140.065,140.071
2022/9/3 1:00,-3986787,-790517266.4,140.0516,140.051,140.058
2022/9/3 1:01,-8512692.4,-799029958.8,140.036,140.031,140.037
2022/9/3 1:02,-7814054.7,-806844013.5,140.044,140.042,140.048
2022/9/3 1:03,-17080090,-823924103.5,140.0398,140.037,140.045
2022/9/3 1:04,-2072587,-825996690.5,140.029,140.027,140.034
2022/9/3 1:05,-7388502.53,-833385193,140.0384,140.04,140.049
2022/9/3 1:06,-8600380,-841985573,140.045,140.044,140.05
2022/9/3 1:07,-2352156,-844337729,140.0461,140.045,140.051
2022/9/3 1:08,-3550925,-847888654,140.045,140.044,140.051
2022/9/3 1:09,-7409192.5,-855297846.5,140.0499,140.049,140.055
2022/9/3 1:10,-12142482.3,-867440328.8,140.0805,140.077,140.086
2022/9/3 1:11,-3960779,-871401107.8,140.097,140.095,140.104
2022/9/3 1:12,995516,-870405591.8,140.1064,140.106,140.113
2022/9/3 1:13,8281850,-862123741.8,140.088,140.087,140.094
2022/9/3 1:14,-1341212.44,-863464954.3,140.0946,140.093,140.1
2022/9/3 1:15,8343157,-855121797.3,140.083,140.082,140.084
2022/9/3 1:16,7044048,-848077749.3,140.08,140.076,140.084
2022/9/3 1:17,1063935,-847013814.3,140.0881,140.091,140.1
2022/9/3 1:18,-458666,-847472480.3,140.101,140.095,140.102
2022/9/3 1:19,-1620641.56,-849093121.8,140.108,140.104,140.111
2022/9/3 1:20,-677761.7,-849770883.5,140.115,140.113,140.122
2022/9/3 1:21,-2288193,-852059076.5,140.1185,140.114,140.121
2022/9/3 1:22,6794742.95,-845264333.6,140.114,140.122,140.13
2022/9/3 1:23,9208151.09,-836056182.5,140.125,140.12,140.129
2022/9/3 1:24,6902521,-829153661.5,140.151,140.149,140.158
2022/9/3 1:25,468857,-828684804.5,140.156,140.153,140.16
2022/9/3 1:26,682052,-828002752.5,140.154,140.148,140.154
2022/9/3 1:27,7170074.84,-820832677.7,140.144,140.142,140.15
2022/9/3 1:28,4190367,-816642310.7,140.164,140.156,140.164
2022/9/3 1:29,3092244.22,-813550066.4,140.165,140.16,140.168
2022/9/3 1:30,-2771586.21,-816321652.7,140.169,140.17,140.18
2022/9/3 1:31,9277358,-807044294.7,140.135,140.13,140.138
2022/9/3 1:32,4112025,-802932269.7,140.128,140.126,140.134
2022/9/3 1:33,-5290377.06,-808222646.7,140.155,140.152,140.159
2022/9/3 1:34,5954958.13,-802267688.6,140.1706,140.175,140.176
2022/9/3 1:35,7418195,-794849493.6,140.1786,140.173,140.181
2022/9/3 1:36,-470876.85,-795320370.4,140.157,140.153,140.162
2022/9/3 1:37,2586958,-792733412.4,140.1721,140.169,140.178
2022/9/3 1:38,533487,-792199925.4,140.158,140.159,140.164
2022/9/3 1:39,7942382,-784257543.4,140.1744,140.168,140.178
2022/9/3 1:40,-2702670.43,-786960213.9,140.185,140.185,140.193
2022/9/3 1:41,-3362450,-790322663.9,140.196,140.191,140.2
2022/9/3 1:42,5530275.96,-784792387.9,140.216,140.21,140.218
2022/9/3 1:43,3710792.57,-781081595.3,140.2306,140.222,140.23
2022/9/3 1:44,1570623,-779510972.3,140.233,140.225,140.235
2022/9/3 1:45,3406560,-776104412.3,140.237,140.237,140.244
2022/9/3 1:46,1578691,-774525721.3,140.194,140.181,140.19
2022/9/3 1:47,1598120,-772927601.3,140.167,140.162,140.17
2022/9/3 1:48,-2590902,-775518503.3,140.179,140.169,140.178
2022/9/3 1:49,-3676112,-779194615.3,140.176,140.17,140.178
2022/9/3 1:50,144866.57,-779049748.8,140.164,140.168,140.175
2022/9/3 1:51,3591470,-775458278.8,140.185,140.181,140.187
2022/9/3 1:52,578622,-774879656.8,140.198,140.197,140.203
2022/9/3 1:53,-10928255,-785807911.8,140.188,140.182,140.187
2022/9/3 1:54,2515814,-783292097.8,140.1946,140.186,140.189
2022/9/3 1:55,-504711,-783796808.8,140.1978,140.196,140.202
2022/9/3 1:56,2788800,-781008008.8,140.2226,140.212,140.219
2022/9/3 1:57,1843510,-779164498.8,140.229,140.224,140.23
2022/9/3 1:58,2836470,-776328028.8,140.267,140.262,140.268
2022/9/3 1:59,4020935,-772307093.8,140.2616,140.26,140.268
2022/9/3 2:00,13670580.47,-758636513.3,140.231,140.224,140.233
2022/9/3 2:01,-3785296,-762421809.3,140.244,140.238,140.246
2022/9/3 2:02,1929797.64,-760492011.7,140.217,140.212,140.22
2022/9/3 2:03,-11827896,-772319907.7,140.215,140.205,140.211
2022/9/3 2:04,-3273327,-775593234.7,140.205,140.199,140.207
2022/9/3 2:05,-583881,-776177115.7,140.2131,140.21,140.218
2022/9/3 2:06,-2772908,-778950023.7,140.2066,140.208,140.211
2022/9/3 2:07,338325,-778611698.7,140.2008,140.196,140.204
2022/9/3 2:08,148671,-778463027.7,140.1565,140.151,140.16
2022/9/3 2:09,-6976310,-785439337.7,140.144,140.14,140.146
2022/9/3 2:10,-1549322,-786988659.7,140.147,140.149,140.157
2022/9/3 2:11,-8083374,-795072033.7,140.1388,140.136,140.143
2022/9/3 2:12,-512903,-795584936.7,140.13,140.122,140.129
2022/9/3 2:13,-1783637,-797368573.7,140.12,140.115,140.124
2022/9/3 2:14,-6220477,-803589050.7,140.145,140.139,140.148
2022/9/3 2:15,-1341364,-804930414.7,140.1278,140.123,140.13
2022/9/3 2:16,-2180199.69,-807110614.3,140.136,140.131,140.139
2022/9/3 2:17,-1431119,-808541733.3,140.1376,140.134,140.142
2022/9/3 2:18,-10036987,-818578720.3,140.079,140.073,140.083
2022/9/3 2:19,-7420800.32,-825999520.7,140.082,140.078,140.085
2022/9/3 2:20,-13927632.4,-839927153.1,140.075,140.073,140.079
2022/9/3 2:21,-1876197,-841803350.1,140.079,140.073,140.081
2022/9/3 2:22,-2427366,-844230716.1,140.069,140.066,140.073
2022/9/3 2:23,-1358793,-845589509.1,140.087,140.081,140.089
2022/9/3 2:24,-5708554.73,-851298063.8,140.099,140.094,140.101
2022/9/3 2:25,-6689238,-857987301.8,140.112,140.109,140.114
2022/9/3 2:26,1648097,-856339204.8,140.143,140.138,140.146
2022/9/3 2:27,7825937,-848513267.8,140.1324,140.13,140.138
2022/9/3 2:28,4684704,-843828563.8,140.125,140.123,140.129
2022/9/3 2:29,-3362030,-847190593.8,140.1269,140.13,140.135
2022/9/3 2:30,722364,-846468229.8,140.132,140.127,140.134
2022/9/3 2:31,1938340,-844529889.8,140.126,140.124,140.131
2022/9/3 2:32,467746,-844062143.8,140.132,140.129,140.137
2022/9/3 2:33,3328689.25,-840733454.5,140.13,140.128,140.133
2022/9/3 2:34,1565690,-839167764.5,140.1348,140.133,140.139
2022/9/3 2:35,-1411099,-840578863.5,140.138,140.134,140.141
2022/9/3 2:36,-959190,-841538053.5,140.137,140.135,140.14
2022/9/3 2:37,952588,-840585465.5,140.124,140.122,140.129
2022/9/3 2:38,756068.47,-839829397.1,140.127,140.123,140.13
2022/9/3 2:39,-1035470,-840864867.1,140.1255,140.122,140.127
2022/9/3 2:40,9346462,-831518405.1,140.108,140.105,140.111
2022/9/3 2:41,-212273.62,-831730678.7,140.1078,140.103,140.109
2022/9/3 2:42,-2466786,-834197464.7,140.111,140.11,140.118
2022/9/3 2:43,1465124,-832732340.7,140.1303,140.126,140.132
2022/9/3 2:44,-450824,-833183164.7,140.1305,140.127,140.134
2022/9/3 2:45,9360489,-823822675.7,140.128,140.129,140.137
2022/9/3 2:46,-1764669,-825587344.7,140.126,140.124,140.131
2022/9/3 2:47,-1217450,-826804794.7,140.118,140.114,140.121
2022/9/3 2:48,-7929872,-834734666.7,140.112,140.105,140.112
2022/9/3 2:49,412448,-834322218.7,140.108,140.103,140.109
2022/9/3 2:50,-1433260,-835755478.7,140.11,140.104,140.112
2022/9/3 2:51,-763990,-836519468.7,140.106,140.102,140.107
2022/9/3 2:52,-6608166,-843127634.7,140.099,140.095,140.102
2022/9/3 2:53,-5565883,-848693517.7,140.105,140.1,140.108
2022/9/3 2:54,-2324102,-851017619.7,140.1234,140.122,140.128
2022/9/3 2:55,2279788,-848737831.7,140.1265,140.122,140.129
2022/9/3 2:56,-2287997.16,-851025828.9,140.1096,140.107,140.115
2022/9/3 2:57,-1107436,-852133264.9,140.118,140.116,140.124
2022/9/3 2:58,120255,-852013009.9,140.118,140.114,140.121
2022/9/3 2:59,1611854,-850401155.9,140.125,140.123,140.13
2022/9/3 3:00,681550,-849719605.9,140.1163,140.111,140.118
2022/9/3 3:01,-93130,-849812735.9,140.108,140.103,140.11
2022/9/3 3:02,2068956,-847743779.9,140.0966,140.096,140.103
2022/9/3 3:03,4258737,-843485042.9,140.119,140.114,140.121
2022/9/3 3:04,79158,-843405884.9,140.129,140.125,140.131
2022/9/3 3:05,1994419,-841411465.9,140.136,140.132,140.14
2022/9/3 3:06,7035850,-834375615.9,140.119,140.116,140.122
2022/9/3 3:07,-1873104,-836248719.9,140.1145,140.11,140.114
2022/9/3 3:08,-10709934,-846958653.9,140.09,140.087,140.093
2022/9/3 3:09,-10004850,-856963503.9,140.095,140.091,140.098
2022/9/3 3:10,-765235,-857728738.9,140.088,140.084,140.092
2022/9/3 3:11,119385,-857609353.9,140.098,140.094,140.101
2022/9/3 3:12,-3224600,-860833953.9,140.1063,140.102,140.11
2022/9/3 3:13,1753520,-859080433.9,140.1169,140.113,140.118
2022/9/3 3:14,2077701,-857002732.9,140.11,140.107,140.114
2022/9/3 3:15,-243211,-857245943.9,140.117,140.112,140.121
2022/9/3 3:16,1635044,-855610899.9,140.109,140.106,140.113
2022/9/3 3:17,-3291681,-858902580.9,140.0888,140.084,140.091
2022/9/3 3:18,1009378,-857893202.9,140.1008,140.096,140.103
2022/9/3 3:19,3877979,-854015223.9,140.109,140.105,140.113
2022/9/3 3:20,-448202,-854463425.9,140.099,140.096,140.103
2022/9/3 3:21,1435000,-853028425.9,140.118,140.115,140.121
2022/9/3 3:22,-586694,-853615119.9,140.1116,140.109,140.116
2022/9/3 3:23,-2587654.88,-856202774.7,140.116,140.114,140.121
2022/9/3 3:24,2914560,-853288214.7,140.126,140.125,140.131
2022/9/3 3:25,8385925,-844902289.7,140.125,140.125,140.13
2022/9/3 3:26,686434,-844215855.7,140.103,140.098,140.103
2022/9/3 3:27,230035,-843985820.7,140.105,140.095,140.102
2022/9/3 3:28,2608878,-841376942.7,140.108,140.104,140.111
2022/9/3 3:29,-4342184,-845719126.7,140.1,140.096,140.103
2022/9/3 3:30,8233857,-837485269.7,140.109,140.105,140.111
2022/9/3 3:31,-2035558,-839520827.7,140.101,140.097,140.104
2022/9/3 3:32,157150,-839363677.7,140.1,140.093,140.097
2022/9/3 3:33,-6645725.74,-846009403.5,140.088,140.085,140.094
2022/9/3 3:34,712539.09,-845296864.4,140.089,140.085,140.093
2022/9/3 3:35,2067464,-843229400.4,140.097,140.094,140.103
2022/9/3 3:36,-1835507,-845064907.4,140.0894,140.087,140.095
2022/9/3 3:37,2051170.03,-843013737.4,140.1,140.095,140.102
2022/9/3 3:38,1168228,-841845509.4,140.101,140.097,140.106
2022/9/3 3:39,920114,-840925395.4,140.1095,140.101,140.108
2022/9/3 3:40,-1136714,-842062109.4,140.1016,140.099,140.106
2022/9/3 3:41,3702526,-838359583.4,140.1084,140.106,140.113
2022/9/3 3:42,3133233,-835226350.4,140.13,140.126,140.134
2022/9/3 3:43,848330.36,-834378020,140.1379,140.135,140.144
2022/9/3 3:44,10433543,-823944477,140.128,140.124,140.13
2022/9/3 3:45,-3451094,-827395571,140.126,140.126,140.132
2022/9/3 3:46,-11617814,-839013385,140.109,140.104,140.112
2022/9/3 3:47,-10143383,-849156768,140.1101,140.107,140.115
2022/9/3 3:48,689032.53,-848467735.5,140.12,140.117,140.125
2022/9/3 3:49,-87500,-848555235.5,140.12,140.118,140.125
2022/9/3 3:50,-2431650,-850986885.5,140.1103,140.109,140.118
2022/9/3 3:51,-3530715,-854517600.5,140.1079,140.104,140.104
2022/9/3 3:52,-1337081,-855854681.5,140.1079,140.106,140.114
2022/9/3 3:53,-10127,-855864808.5,140.1105,140.105,140.113
2022/9/3 3:54,-3171219,-859036027.5,140.101,140.097,140.104
2022/9/3 3:55,1135525.71,-857900501.8,140.1018,140.098,140.105
2022/9/3 3:56,2723001,-855177500.8,140.1093,140.102,140.109
2022/9/3 3:57,-4507950,-859685450.8,140.115,140.113,140.121
2022/9/3 3:58,477357,-859208093.8,140.1108,140.108,140.115
2022/9/3 3:59,5542294,-853665799.8,140.142,140.142,140.148
2022/9/3 4:00,3043036,-850622763.8,140.127,140.122,140.128
2022/9/3 4:01,-1936153,-852558916.8,140.124,140.123,140.13
2022/9/3 4:02,-551301,-853110217.8,140.1303,140.128,140.136
2022/9/3 4:03,-320051,-853430268.8,140.125,140.123,140.13
2022/9/3 4:04,-581700,-854011968.8,140.1263,140.122,140.13
2022/9/3 4:05,9469673,-844542295.8,140.12,140.113,140.121
2022/9/3 4:06,-1011860,-845554155.8,140.119,140.114,140.121
2022/9/3 4:07,-10445527,-855999682.8,140.1154,140.113,140.12
2022/9/3 4:08,1140678,-854859004.8,140.118,140.116,140.122
2022/9/3 4:09,-228160,-855087164.8,140.117,140.115,140.121
2022/9/3 4:10,916783,-854170381.8,140.127,140.123,140.129
2022/9/3 4:11,358657,-853811724.8,140.127,140.124,140.131
2022/9/3 4:12,2842588,-850969136.8,140.135,140.133,140.14
2022/9/3 4:13,-37200,-851006336.8,140.1361,140.134,140.141
2022/9/3 4:14,-1291167,-852297503.8,140.136,140.135,140.14
2022/9/3 4:15,63990,-852233513.8,140.138,140.135,140.141
2022/9/3 4:16,1416674,-850816839.8,140.1378,140.135,140.141
2022/9/3 4:17,-451650,-851268489.8,140.136,140.134,140.142
2022/9/3 4:18,292000,-850976489.8,140.1361,140.136,140.142
2022/9/3 4:19,-92390,-851068879.8,140.138,140.134,140.138
2022/9/3 4:20,-574420,-851643299.8,140.1375,140.135,140.137
2022/9/3 4:21,-320492,-851963791.8,140.1369,140.136,140.14
2022/9/3 4:22,87034,-851876757.8,140.136,140.134,140.139
2022/9/3 4:23,-181050,-852057807.8,140.1365,140.132,140.141
2022/9/3 4:24,25480,-852032327.8,140.135,140.133,140.141
2022/9/3 4:25,68098,-851964229.8,140.1354,140.132,140.141
2022/9/3 4:26,-316469.18,-852280698.9,140.1345,140.132,140.139
2022/9/3 4:27,-1166450,-853447148.9,140.1378,140.135,140.141
2022/9/3 4:28,3013640,-850433508.9,140.1464,140.145,140.151
2022/9/3 4:29,-492485,-850925993.9,140.1471,140.146,140.153
2022/9/3 4:30,5451111.16,-845474882.8,140.158,140.155,140.163
2022/9/3 4:31,4088244,-841386638.8,140.1573,140.156,140.164
2022/9/3 4:32,-272318,-841658956.8,140.157,140.155,140.163
2022/9/3 4:33,-159837,-841818793.8,140.1683,140.164,140.172
2022/9/3 4:34,172244,-841646549.8,140.1671,140.166,140.173
2022/9/3 4:35,-196165,-841842714.8,140.1668,140.164,140.172
2022/9/3 4:36,-655299,-842498013.8,140.1651,140.163,140.171
2022/9/3 4:37,1246655,-841251358.8,140.177,140.175,140.183
2022/9/3 4:38,-371554,-841622912.8,140.195,140.194,140.203
2022/9/3 4:39,4824755,-836798157.8,140.216,140.21,140.222
2022/9/3 4:40,611326,-836186831.8,140.2199,140.215,140.224
2022/9/3 4:41,752030,-835434801.8,140.206,140.211,140.219
2022/9/3 4:42,810229,-834624572.8,140.2119,140.209,140.218
2022/9/3 4:43,-3639941,-838264513.8,140.2334,140.233,140.242
2022/9/3 4:44,-1574038,-839838551.8,140.249,140.248,140.255
2022/9/3 4:45,1552304,-838286247.8,140.249,140.249,140.258
2022/9/3 4:46,1663768,-836622479.8,140.2478,140.251,140.257
2022/9/3 4:47,-1824017,-838446496.8,140.262,140.262,140.27
2022/9/3 4:48,4295849,-834150647.8,140.271,140.27,140.277
2022/9/3 4:49,-257134,-834407781.8,140.277,140.278,140.285
2022/9/3 4:50,-162704,-834570485.8,140.286,140.283,140.29
2022/9/3 4:51,1516323,-833054162.8,140.285,140.284,140.29
2022/9/3 4:52,19372114,-813682048.8,140.306,140.305,140.312
2022/9/3 4:53,-1721945,-815403993.8,140.3115,140.309,140.314
2022/9/3 4:54,-1480668,-816884661.8,140.304,140.302,140.309
2022/9/3 4:55,6649327,-810235334.8,140.2718,140.268,140.272
2022/9/3 4:56,1685526,-808549808.8,140.23,140.223,140.231
2022/9/3 4:57,-478753,-809028561.8,140.231,140.225,140.233
2022/9/3 4:58,7172810,-801855751.8,140.2019,140.199,140.208
2022/9/3 4:59,1127791,-800727960.8,140.211,140.205,140.214
2022/9/3 5:00,-2788588.84,-803516549.6,140.251,140.241,140.252
2022/9/3 5:01,16742984,-786773565.6,140.2081,140.206,140.213
2022/9/3 5:02,1788418,-784985147.6,140.1916,140.186,140.196
2022/9/3 5:03,-2508938.59,-787494086.2,140.169,140.167,140.176
2022/9/3 5:04,-31966,-787526052.2,140.173,140.168,140.177
2022/9/3 5:05,502959,-787023093.2,140.185,140.174,140.184
2022/9/3 5:06,-476680,-787499773.2,140.173,140.168,140.177
2022/9/3 5:07,-315999,-787815772.2,140.181,140.175,140.186
2022/9/3 5:08,142571,-787673201.2,140.178,140.176,140.182
2022/9/3 5:09,-2671177,-790344378.2,140.171,140.169,140.178
2022/9/3 5:10,-1049881.82,-791394260,140.1755,140.173,140.18
2022/9/3 5:11,-4828419.9,-796222679.9,140.164,140.172,140.181
2022/9/3 5:12,59695,-796162984.9,140.1755,140.174,140.183
2022/9/3 5:13,-769876.45,-796932861.4,140.177,140.173,140.183
2022/9/3 5:14,-3399100,-800331961.4,140.178,140.176,140.185
2022/9/3 5:15,-824962.41,-801156923.8,140.1985,140.194,140.203
2022/9/3 5:16,3278639,-797878284.8,140.22,140.217,140.229
2022/9/3 5:17,1523757,-796354527.8,140.2029,140.2,140.211
2022/9/3 5:18,1564983,-794789544.8,140.2041,140.201,140.213
2022/9/3 5:19,-1049710,-795839254.8,140.198,140.194,140.203
2022/9/3 5:20,1084516,-794754738.8,140.185,140.184,140.193
2022/9/3 5:21,-5605916,-800360654.8,140.17,140.167,140.178
2022/9/3 5:22,-1764635,-802125289.8,140.1709,140.169,140.18
2022/9/3 5:23,-3793790,-805919079.8,140.172,140.163,140.175
2022/9/3 5:24,9902380,-796016699.8,140.173,140.169,140.18
2022/9/3 5:25,347236,-795669463.8,140.175,140.169,140.18
2022/9/3 5:26,514735,-795154728.8,140.173,140.168,140.179
2022/9/3 5:27,-10511442,-805666170.8,140.167,140.164,140.173
2022/9/3 5:28,3519158,-802147012.8,140.1854,140.184,140.193
2022/9/3 5:29,-1259140,-803406152.8,140.202,140.197,140.207
2022/9/3 5:30,-9072078,-812478230.8,140.198,140.199,140.211
